Investor_ID,Longevity,Female,Age,Income,ProfManage,Diversification,Affordability,Liquidity,Growth,Trustworthiness,Technology,Integrity,BrandValue,AUM,KMeans_Persona_Cluster,Risk_Tolerance
1,1,0,1,1,1,2,6,4,3,3,5,2,2,98062,Cluster 3: Conservative Preservers,Low Risk
2,2,0,1,1,2,1,6,3,4,2,6,2,1,99187,Cluster 3: Conservative Preservers,Low Risk
3,8,0,2,1,0,1,7,5,3,3,3,4,3,180043,Cluster 3: Conservative Preservers,Low Risk
4,8,0,2,1,1,2,6,5,4,4,2,4,2,159982,Cluster 3: Conservative Preservers,Low Risk
5,18,0,3,1,2,0,7,7,3,6,0,6,6,459815,Cluster 1: Liquid Needers,Low Risk
6,2,0,1,2,2,1,4,4,5,2,7,2,1,273750,Cluster 3: Conservative Preservers,Low Risk
7,9,0,2,2,4,3,5,6,5,3,5,3,4,2282344,Cluster 1: Liquid Needers,Low Risk
8,9,0,2,2,3,4,5,6,6,3,6,3,4,2452252,Cluster 0: Aggressive Growth,High Risk
9,10,0,2,2,4,4,4,5,5,2,6,2,4,2704762,Cluster 3: Conservative Preservers,Low Risk
10,11,0,2,2,4,3,6,5,4,2,5,1,4,2820556,Cluster 3: Conservative Preservers,Low Risk
11,19,0,3,2,6,6,3,6,6,6,2,6,7,4746277,Cluster 0: Aggressive Growth,High Risk
12,19,0,3,2,7,7,3,7,7,5,2,7,6,4490534,Cluster 0: Aggressive Growth,High Risk
13,4,0,1,3,2,3,2,4,5,4,6,3,3,1358420,Cluster 3: Conservative Preservers,Low Risk
14,4,0,1,3,2,4,1,3,5,4,7,3,3,1608154,Cluster 3: Conservative Preservers,Low Risk
15,12,0,2,3,4,4,2,3,6,4,3,4,3,4830633,Cluster 0: Aggressive Growth,High Risk
16,13,0,2,3,3,4,3,3,5,5,2,3,4,4380080,Cluster 3: Conservative Preservers,Low Risk
17,12,0,2,3,3,4,1,3,7,4,2,4,4,4182314,Cluster 0: Aggressive Growth,High Risk
18,23,0,3,3,6,5,1,2,6,6,1,7,6,7979653,Cluster 0: Aggressive Growth,High Risk
19,22,0,3,3,7,5,0,0,5,7,2,6,7,7206858,Cluster 2: Brand Loyalists,Medium Risk
20,24,0,3,3,6,4,1,0,7,7,1,7,6,7442456,Cluster 0: Aggressive Growth,High Risk
21,5,0,1,4,2,6,1,1,5,3,7,2,3,3378709,Cluster 3: Conservative Preservers,Low Risk
22,16,0,2,4,3,6,0,1,5,4,5,2,2,6568116,Cluster 3: Conservative Preservers,Low Risk
23,24,0,3,4,6,7,2,1,6,6,1,7,6,16744595,Cluster 0: Aggressive Growth,High Risk
24,25,0,3,4,7,6,1,0,6,6,2,6,7,18911813,Cluster 0: Aggressive Growth,High Risk
25,1,1,1,1,1,2,6,4,3,3,5,2,2,99782,Cluster 3: Conservative Preservers,Low Risk
26,1,1,1,1,2,1,6,3,4,2,6,2,1,99542,Cluster 3: Conservative Preservers,Low Risk
27,8,1,2,1,1,2,6,5,4,4,2,4,2,132244,Cluster 3: Conservative Preservers,Low Risk
28,1,1,1,2,2,1,4,4,5,2,7,2,1,253138,Cluster 3: Conservative Preservers,Low Risk
29,9,1,2,2,4,3,5,6,5,3,5,3,4,2145364,Cluster 1: Liquid Needers,Low Risk
30,10,1,2,2,3,4,5,6,6,3,6,3,4,2331221,Cluster 0: Aggressive Growth,High Risk
31,12,1,2,2,4,4,4,5,5,2,6,2,4,2657126,Cluster 3: Conservative Preservers,Low Risk
32,18,1,3,2,7,7,3,7,7,5,2,7,6,4470404,Cluster 0: Aggressive Growth,High Risk
33,4,1,1,3,2,3,2,4,5,4,6,3,3,1545421,Cluster 3: Conservative Preservers,Low Risk
34,12,1,2,3,4,4,2,3,6,4,3,4,3,4264422,Cluster 0: Aggressive Growth,High Risk
35,13,1,2,3,3,4,3,3,5,5,2,3,4,4418525,Cluster 3: Conservative Preservers,Low Risk
36,14,1,2,3,3,4,1,3,7,4,2,4,4,4127408,Cluster 0: Aggressive Growth,High Risk
37,16,1,2,3,4,4,2,3,5,5,1,3,3,4838072,Cluster 3: Conservative Preservers,Low Risk
38,23,1,3,3,6,4,1,0,7,7,1,7,6,7692268,Cluster 0: Aggressive Growth,High Risk
39,7,1,1,4,2,6,1,1,5,3,7,2,3,4027729,Cluster 3: Conservative Preservers,Low Risk
40,25,1,3,4,7,6,1,0,6,6,2,6,7,12469566,Cluster 0: Aggressive Growth,High Risk
41,1,0,1,1,1,2,6,4,3,3,5,2,2,98029,Cluster 3: Conservative Preservers,Low Risk
42,2,0,1,1,2,1,6,3,4,2,6,2,1,99776,Cluster 3: Conservative Preservers,Low Risk
43,8,0,2,1,0,1,7,5,3,3,3,4,3,180406,Cluster 3: Conservative Preservers,Low Risk
44,8,0,2,1,1,2,6,5,4,4,2,4,2,160071,Cluster 3: Conservative Preservers,Low Risk
45,18,0,3,1,2,0,7,7,3,6,0,6,6,459904,Cluster 1: Liquid Needers,Low Risk
46,2,0,1,2,2,1,4,4,5,2,7,2,1,273367,Cluster 3: Conservative Preservers,Low Risk
47,9,0,2,2,4,3,5,6,5,3,5,3,4,2341588,Cluster 1: Liquid Needers,Low Risk
48,9,0,2,2,3,4,5,6,6,3,6,3,4,2379956,Cluster 0: Aggressive Growth,High Risk
49,10,0,2,2,4,4,4,5,5,2,6,2,4,2724531,Cluster 3: Conservative Preservers,Low Risk
50,11,0,2,2,4,3,6,5,4,2,5,1,4,2862220,Cluster 3: Conservative Preservers,Low Risk
51,19,0,3,2,6,6,3,6,6,6,2,6,7,4685919,Cluster 0: Aggressive Growth,High Risk
52,19,0,3,2,7,7,3,7,7,5,2,7,6,4441102,Cluster 0: Aggressive Growth,High Risk
53,4,0,1,3,2,3,2,4,5,4,6,3,3,1355749,Cluster 3: Conservative Preservers,Low Risk
54,4,0,1,3,2,4,1,3,5,4,7,3,3,1666574,Cluster 3: Conservative Preservers,Low Risk
55,12,0,2,3,4,4,2,3,6,4,3,4,3,4910999,Cluster 0: Aggressive Growth,High Risk
56,13,0,2,3,3,4,3,3,5,5,2,3,4,4392327,Cluster 3: Conservative Preservers,Low Risk
57,12,0,2,3,3,4,1,3,7,4,2,4,4,4157269,Cluster 0: Aggressive Growth,High Risk
58,23,0,3,3,6,5,1,2,6,6,1,7,6,7911320,Cluster 0: Aggressive Growth,High Risk
59,22,0,3,3,7,5,0,0,5,7,2,6,7,7136074,Cluster 2: Brand Loyalists,Medium Risk
60,24,0,3,3,6,4,1,0,7,7,1,7,6,7424625,Cluster 0: Aggressive Growth,High Risk
61,5,0,1,4,2,6,1,1,5,3,7,2,3,3357427,Cluster 3: Conservative Preservers,Low Risk
62,16,0,2,4,3,6,0,1,5,4,5,2,2,6568703,Cluster 3: Conservative Preservers,Low Risk
63,24,0,3,4,6,7,2,1,6,6,1,7,6,17148906,Cluster 0: Aggressive Growth,High Risk
64,25,0,3,4,7,6,1,0,6,6,2,6,7,18829337,Cluster 0: Aggressive Growth,High Risk
65,1,1,1,1,1,2,6,4,3,3,5,2,2,99925,Cluster 3: Conservative Preservers,Low Risk
66,1,1,1,1,2,1,6,3,4,2,6,2,1,100059,Cluster 3: Conservative Preservers,Low Risk
67,8,1,2,1,1,2,6,5,4,4,2,4,2,131901,Cluster 3: Conservative Preservers,Low Risk
68,1,1,1,2,2,1,4,4,5,2,7,2,1,245820,Cluster 3: Conservative Preservers,Low Risk
69,9,1,2,2,4,3,5,6,5,3,5,3,4,2159419,Cluster 1: Liquid Needers,Low Risk
70,10,1,2,2,3,4,5,6,6,3,6,3,4,2368195,Cluster 0: Aggressive Growth,High Risk
71,12,1,2,2,4,4,4,5,5,2,6,2,4,2662068,Cluster 3: Conservative Preservers,Low Risk
72,18,1,3,2,7,7,3,7,7,5,2,7,6,4468700,Cluster 0: Aggressive Growth,High Risk
73,4,1,1,3,2,3,2,4,5,4,6,3,3,1548431,Cluster 3: Conservative Preservers,Low Risk
74,12,1,2,3,4,4,2,3,6,4,3,4,3,4257507,Cluster 0: Aggressive Growth,High Risk
75,13,1,2,3,3,4,3,3,5,5,2,3,4,4344026,Cluster 3: Conservative Preservers,Low Risk
76,14,1,2,3,3,4,1,3,7,4,2,4,4,4134314,Cluster 0: Aggressive Growth,High Risk
77,16,1,2,3,4,4,2,3,5,5,1,3,3,4885544,Cluster 3: Conservative Preservers,Low Risk
78,23,1,3,3,6,4,1,0,7,7,1,7,6,7674243,Cluster 0: Aggressive Growth,High Risk
79,7,1,1,4,2,6,1,1,5,3,7,2,3,4051187,Cluster 3: Conservative Preservers,Low Risk
80,25,1,3,4,7,6,1,0,6,6,2,6,7,13192860,Cluster 0: Aggressive Growth,High Risk
81,2,0,1,2,2,1,4,4,5,2,7,2,1,273423,Cluster 3: Conservative Preservers,Low Risk
82,4,0,1,3,2,3,2,4,5,4,6,3,3,1311080,Cluster 3: Conservative Preservers,Low Risk
83,5,0,1,4,2,6,1,1,5,3,7,2,3,3358355,Cluster 3: Conservative Preservers,Low Risk
84,10,0,2,2,4,4,4,5,5,2,6,2,4,2719604,Cluster 3: Conservative Preservers,Low Risk
85,12,0,2,3,4,4,2,3,6,4,3,4,3,4897052,Cluster 0: Aggressive Growth,High Risk
86,12,0,2,3,3,4,1,3,7,4,2,4,4,4187312,Cluster 0: Aggressive Growth,High Risk
87,16,0,2,4,3,6,0,1,5,4,5,2,2,6568150,Cluster 3: Conservative Preservers,Low Risk
88,19,0,3,2,6,6,3,6,6,6,2,6,7,4730690,Cluster 0: Aggressive Growth,High Risk
89,22,0,3,3,7,5,0,0,5,7,2,6,7,7223822,Cluster 2: Brand Loyalists,Medium Risk
90,25,0,3,4,7,6,1,0,6,6,2,6,7,18989323,Cluster 0: Aggressive Growth,High Risk
91,1,1,1,2,2,1,4,4,5,2,7,2,1,253314,Cluster 3: Conservative Preservers,Low Risk
92,4,1,1,3,2,3,2,4,5,4,6,3,3,1561308,Cluster 3: Conservative Preservers,Low Risk
93,7,1,1,4,2,6,1,1,5,3,7,2,3,4053894,Cluster 3: Conservative Preservers,Low Risk
94,10,1,2,2,3,4,5,6,6,3,6,3,4,2317957,Cluster 0: Aggressive Growth,High Risk
95,16,1,2,3,4,4,2,3,5,5,1,3,3,4848656,Cluster 3: Conservative Preservers,Low Risk
96,13,1,2,3,3,4,3,3,5,5,2,3,4,4339334,Cluster 3: Conservative Preservers,Low Risk
97,18,1,3,2,7,7,3,7,7,5,2,7,6,4481290,Cluster 0: Aggressive Growth,High Risk
98,23,1,3,3,6,4,1,0,7,7,1,7,6,7496328,Cluster 0: Aggressive Growth,High Risk
99,12,1,2,2,4,4,4,5,5,2,6,2,4,2676675,Cluster 3: Conservative Preservers,Low Risk
100,25,1,3,4,7,6,1,0,6,6,2,6,7,12589420,Cluster 0: Aggressive Growth,High Risk
101,1,0,1,1,1,2,6,4,3,3,5,2,2,98066,Cluster 3: Conservative Preservers,Low Risk
102,2,0,1,1,2,1,6,3,4,2,6,2,1,99982,Cluster 3: Conservative Preservers,Low Risk
103,8,0,2,1,0,1,7,5,3,3,3,4,3,180003,Cluster 3: Conservative Preservers,Low Risk
104,8,0,2,1,1,2,6,5,4,4,2,4,2,159847,Cluster 3: Conservative Preservers,Low Risk
105,18,0,3,1,2,0,7,7,3,6,0,6,6,459716,Cluster 1: Liquid Needers,Low Risk
106,2,0,1,2,2,1,4,4,5,2,7,2,1,273744,Cluster 3: Conservative Preservers,Low Risk
107,9,0,2,2,4,3,5,6,5,3,5,3,4,2253640,Cluster 1: Liquid Needers,Low Risk
108,9,0,2,2,3,4,5,6,6,3,6,3,4,2366143,Cluster 0: Aggressive Growth,High Risk
109,10,0,2,2,4,4,4,5,5,2,6,2,4,2666990,Cluster 3: Conservative Preservers,Low Risk
110,11,0,2,2,4,3,6,5,4,2,5,1,4,2830244,Cluster 3: Conservative Preservers,Low Risk
111,19,0,3,2,6,6,3,6,6,6,2,6,7,4711712,Cluster 0: Aggressive Growth,High Risk
112,19,0,3,2,7,7,3,7,7,5,2,7,6,4498405,Cluster 0: Aggressive Growth,High Risk
113,4,0,1,3,2,3,2,4,5,4,6,3,3,1350190,Cluster 3: Conservative Preservers,Low Risk
114,4,0,1,3,2,4,1,3,5,4,7,3,3,1650520,Cluster 3: Conservative Preservers,Low Risk
115,12,0,2,3,4,4,2,3,6,4,3,4,3,4903220,Cluster 0: Aggressive Growth,High Risk
116,13,0,2,3,3,4,3,3,5,5,2,3,4,4425574,Cluster 3: Conservative Preservers,Low Risk
117,12,0,2,3,3,4,1,3,7,4,2,4,4,4204598,Cluster 0: Aggressive Growth,High Risk
118,23,0,3,3,6,5,1,2,6,6,1,7,6,7906324,Cluster 0: Aggressive Growth,High Risk
119,22,0,3,3,7,5,0,0,5,7,2,6,7,7128283,Cluster 2: Brand Loyalists,Medium Risk
120,24,0,3,3,6,4,1,0,7,7,1,7,6,7434080,Cluster 0: Aggressive Growth,High Risk
121,5,0,1,4,2,6,1,1,5,3,7,2,3,3381440,Cluster 3: Conservative Preservers,Low Risk
122,16,0,2,4,3,6,0,1,5,4,5,2,2,6568765,Cluster 3: Conservative Preservers,Low Risk
123,24,0,3,4,6,7,2,1,6,6,1,7,6,16954590,Cluster 0: Aggressive Growth,High Risk
124,25,0,3,4,7,6,1,0,6,6,2,6,7,18713008,Cluster 0: Aggressive Growth,High Risk
125,1,1,1,1,1,2,6,4,3,3,5,2,2,99265,Cluster 3: Conservative Preservers,Low Risk
126,1,1,1,1,2,1,6,3,4,2,6,2,1,99104,Cluster 3: Conservative Preservers,Low Risk
127,8,1,2,1,1,2,6,5,4,4,2,4,2,134444,Cluster 3: Conservative Preservers,Low Risk
128,1,1,1,2,2,1,4,4,5,2,7,2,1,244301,Cluster 3: Conservative Preservers,Low Risk
129,9,1,2,2,4,3,5,6,5,3,5,3,4,2170941,Cluster 1: Liquid Needers,Low Risk
130,10,1,2,2,3,4,5,6,6,3,6,3,4,2319018,Cluster 0: Aggressive Growth,High Risk
131,12,1,2,2,4,4,4,5,5,2,6,2,4,2677758,Cluster 3: Conservative Preservers,Low Risk
132,18,1,3,2,7,7,3,7,7,5,2,7,6,4462715,Cluster 0: Aggressive Growth,High Risk
133,4,1,1,3,2,3,2,4,5,4,6,3,3,1559278,Cluster 3: Conservative Preservers,Low Risk
134,12,1,2,3,4,4,2,3,6,4,3,4,3,4320129,Cluster 0: Aggressive Growth,High Risk
135,13,1,2,3,3,4,3,3,5,5,2,3,4,4355445,Cluster 3: Conservative Preservers,Low Risk
136,14,1,2,3,3,4,1,3,7,4,2,4,4,4193470,Cluster 0: Aggressive Growth,High Risk
137,16,1,2,3,4,4,2,3,5,5,1,3,3,4851698,Cluster 3: Conservative Preservers,Low Risk
138,23,1,3,3,6,4,1,0,7,7,1,7,6,7499439,Cluster 0: Aggressive Growth,High Risk
139,7,1,1,4,2,6,1,1,5,3,7,2,3,4016462,Cluster 3: Conservative Preservers,Low Risk
140,25,1,3,4,7,6,1,0,6,6,2,6,7,12860421,Cluster 0: Aggressive Growth,High Risk
141,1,0,1,1,1,2,6,4,3,3,5,2,2,98089,Cluster 3: Conservative Preservers,Low Risk
142,2,0,1,1,2,1,6,3,4,2,6,2,1,99447,Cluster 3: Conservative Preservers,Low Risk
143,8,0,2,1,0,1,7,5,3,3,3,4,3,180228,Cluster 3: Conservative Preservers,Low Risk
144,8,0,2,1,1,2,6,5,4,4,2,4,2,160091,Cluster 3: Conservative Preservers,Low Risk
145,18,0,3,1,2,0,7,7,3,6,0,6,6,459691,Cluster 1: Liquid Needers,Low Risk
146,2,0,1,2,2,1,4,4,5,2,7,2,1,273584,Cluster 3: Conservative Preservers,Low Risk
147,9,0,2,2,4,3,5,6,5,3,5,3,4,2315683,Cluster 1: Liquid Needers,Low Risk
148,9,0,2,2,3,4,5,6,6,3,6,3,4,2453502,Cluster 0: Aggressive Growth,High Risk
149,10,0,2,2,4,4,4,5,5,2,6,2,4,2788940,Cluster 3: Conservative Preservers,Low Risk
150,11,0,2,2,4,3,6,5,4,2,5,1,4,2879129,Cluster 3: Conservative Preservers,Low Risk
151,19,0,3,2,6,6,3,6,6,6,2,6,7,4763675,Cluster 0: Aggressive Growth,High Risk
152,19,0,3,2,7,7,3,7,7,5,2,7,6,4503629,Cluster 0: Aggressive Growth,High Risk
153,4,0,1,3,2,3,2,4,5,4,6,3,3,1301663,Cluster 3: Conservative Preservers,Low Risk
154,4,0,1,3,2,4,1,3,5,4,7,3,3,1649093,Cluster 3: Conservative Preservers,Low Risk
155,12,0,2,3,4,4,2,3,6,4,3,4,3,4871760,Cluster 0: Aggressive Growth,High Risk
156,13,0,2,3,3,4,3,3,5,5,2,3,4,4396348,Cluster 3: Conservative Preservers,Low Risk
157,12,0,2,3,3,4,1,3,7,4,2,4,4,4202856,Cluster 0: Aggressive Growth,High Risk
158,23,0,3,3,6,5,1,2,6,6,1,7,6,7882123,Cluster 0: Aggressive Growth,High Risk
159,22,0,3,3,7,5,0,0,5,7,2,6,7,7160018,Cluster 2: Brand Loyalists,Medium Risk
160,24,0,3,3,6,4,1,0,7,7,1,7,6,7447379,Cluster 0: Aggressive Growth,High Risk
161,5,0,1,4,2,6,1,1,5,3,7,2,3,3336903,Cluster 3: Conservative Preservers,Low Risk
162,16,0,2,4,3,6,0,1,5,4,5,2,2,6568241,Cluster 3: Conservative Preservers,Low Risk
163,24,0,3,4,6,7,2,1,6,6,1,7,6,16678567,Cluster 0: Aggressive Growth,High Risk
164,25,0,3,4,7,6,1,0,6,6,2,6,7,18620329,Cluster 0: Aggressive Growth,High Risk
165,1,1,1,1,1,2,6,4,3,3,5,2,2,99996,Cluster 3: Conservative Preservers,Low Risk
166,1,1,1,1,2,1,6,3,4,2,6,2,1,99100,Cluster 3: Conservative Preservers,Low Risk
167,8,1,2,1,1,2,6,5,4,4,2,4,2,137806,Cluster 3: Conservative Preservers,Low Risk
168,1,1,1,2,2,1,4,4,5,2,7,2,1,251205,Cluster 3: Conservative Preservers,Low Risk
169,9,1,2,2,4,3,5,6,5,3,5,3,4,2184134,Cluster 1: Liquid Needers,Low Risk
170,10,1,2,2,3,4,5,6,6,3,6,3,4,2373698,Cluster 0: Aggressive Growth,High Risk
171,12,1,2,2,4,4,4,5,5,2,6,2,4,2678589,Cluster 3: Conservative Preservers,Low Risk
172,18,1,3,2,7,7,3,7,7,5,2,7,6,4502199,Cluster 0: Aggressive Growth,High Risk
173,4,1,1,3,2,3,2,4,5,4,6,3,3,1540049,Cluster 3: Conservative Preservers,Low Risk
174,12,1,2,3,4,4,2,3,6,4,3,4,3,4237862,Cluster 0: Aggressive Growth,High Risk
175,13,1,2,3,3,4,3,3,5,5,2,3,4,4351395,Cluster 3: Conservative Preservers,Low Risk
176,14,1,2,3,3,4,1,3,7,4,2,4,4,4155894,Cluster 0: Aggressive Growth,High Risk
177,16,1,2,3,4,4,2,3,5,5,1,3,3,4858045,Cluster 3: Conservative Preservers,Low Risk
178,23,1,3,3,6,4,1,0,7,7,1,7,6,7625112,Cluster 0: Aggressive Growth,High Risk
179,7,1,1,4,2,6,1,1,5,3,7,2,3,4011989,Cluster 3: Conservative Preservers,Low Risk
180,25,1,3,4,7,6,1,0,6,6,2,6,7,12773244,Cluster 0: Aggressive Growth,High Risk
181,2,0,1,2,2,1,4,4,5,2,7,2,1,273744,Cluster 3: Conservative Preservers,Low Risk
182,4,0,1,3,2,3,2,4,5,4,6,3,3,1339050,Cluster 3: Conservative Preservers,Low Risk
183,5,0,1,4,2,6,1,1,5,3,7,2,3,3352363,Cluster 3: Conservative Preservers,Low Risk
184,10,0,2,2,4,4,4,5,5,2,6,2,4,2762276,Cluster 3: Conservative Preservers,Low Risk
185,12,0,2,3,4,4,2,3,6,4,3,4,3,4831368,Cluster 0: Aggressive Growth,High Risk
186,12,0,2,3,3,4,1,3,7,4,2,4,4,4244482,Cluster 0: Aggressive Growth,High Risk
187,16,0,2,4,3,6,0,1,5,4,5,2,2,6568154,Cluster 3: Conservative Preservers,Low Risk
188,19,0,3,2,6,6,3,6,6,6,2,6,7,4757276,Cluster 0: Aggressive Growth,High Risk
189,22,0,3,3,7,5,0,0,5,7,2,6,7,7156716,Cluster 2: Brand Loyalists,Medium Risk
190,25,0,3,4,7,6,1,0,6,6,2,6,7,19189009,Cluster 0: Aggressive Growth,High Risk
191,1,1,1,2,2,1,4,4,5,2,7,2,1,247780,Cluster 3: Conservative Preservers,Low Risk
192,4,1,1,3,2,3,2,4,5,4,6,3,3,1588396,Cluster 3: Conservative Preservers,Low Risk
193,7,1,1,4,2,6,1,1,5,3,7,2,3,4064394,Cluster 3: Conservative Preservers,Low Risk
194,10,1,2,2,3,4,5,6,6,3,6,3,4,2390857,Cluster 0: Aggressive Growth,High Risk
195,16,1,2,3,4,4,2,3,5,5,1,3,3,4863115,Cluster 3: Conservative Preservers,Low Risk
196,13,1,2,3,3,4,3,3,5,5,2,3,4,4421552,Cluster 3: Conservative Preservers,Low Risk
197,18,1,3,2,7,7,3,7,7,5,2,7,6,4443827,Cluster 0: Aggressive Growth,High Risk
198,23,1,3,3,6,4,1,0,7,7,1,7,6,7436730,Cluster 0: Aggressive Growth,High Risk
199,12,1,2,2,4,4,4,5,5,2,6,2,4,2661689,Cluster 3: Conservative Preservers,Low Risk
200,25,1,3,4,7,6,1,0,6,6,2,6,7,12623162,Cluster 0: Aggressive Growth,High Risk
201,1,0,1,1,1,2,6,4,3,3,5,2,2,98032,Cluster 3: Conservative Preservers,Low Risk
202,2,0,1,1,2,1,6,3,4,2,6,2,1,99091,Cluster 3: Conservative Preservers,Low Risk
203,8,0,2,1,0,1,7,5,3,3,3,4,3,180077,Cluster 3: Conservative Preservers,Low Risk
204,8,0,2,1,1,2,6,5,4,4,2,4,2,160025,Cluster 3: Conservative Preservers,Low Risk
205,18,0,3,1,2,0,7,7,3,6,0,6,6,459632,Cluster 1: Liquid Needers,Low Risk
206,2,0,1,2,2,1,4,4,5,2,7,2,1,273582,Cluster 3: Conservative Preservers,Low Risk
207,9,0,2,2,4,3,5,6,5,3,5,3,4,2331541,Cluster 1: Liquid Needers,Low Risk
208,9,0,2,2,3,4,5,6,6,3,6,3,4,2467392,Cluster 0: Aggressive Growth,High Risk
209,10,0,2,2,4,4,4,5,5,2,6,2,4,2757924,Cluster 3: Conservative Preservers,Low Risk
210,11,0,2,2,4,3,6,5,4,2,5,1,4,2875059,Cluster 3: Conservative Preservers,Low Risk
211,19,0,3,2,6,6,3,6,6,6,2,6,7,4666844,Cluster 0: Aggressive Growth,High Risk
212,19,0,3,2,7,7,3,7,7,5,2,7,6,4467521,Cluster 0: Aggressive Growth,High Risk
213,4,0,1,3,2,3,2,4,5,4,6,3,3,1300116,Cluster 3: Conservative Preservers,Low Risk
214,4,0,1,3,2,4,1,3,5,4,7,3,3,1623524,Cluster 3: Conservative Preservers,Low Risk
215,12,0,2,3,4,4,2,3,6,4,3,4,3,4842770,Cluster 0: Aggressive Growth,High Risk
216,13,0,2,3,3,4,3,3,5,5,2,3,4,4398070,Cluster 3: Conservative Preservers,Low Risk
217,12,0,2,3,3,4,1,3,7,4,2,4,4,4189257,Cluster 0: Aggressive Growth,High Risk
218,23,0,3,3,6,5,1,2,6,6,1,7,6,7867484,Cluster 0: Aggressive Growth,High Risk
219,22,0,3,3,7,5,0,0,5,7,2,6,7,7153722,Cluster 2: Brand Loyalists,Medium Risk
220,24,0,3,3,6,4,1,0,7,7,1,7,6,7384373,Cluster 0: Aggressive Growth,High Risk
221,5,0,1,4,2,6,1,1,5,3,7,2,3,3407258,Cluster 3: Conservative Preservers,Low Risk
222,16,0,2,4,3,6,0,1,5,4,5,2,2,6569445,Cluster 3: Conservative Preservers,Low Risk
223,24,0,3,4,6,7,2,1,6,6,1,7,6,16479034,Cluster 0: Aggressive Growth,High Risk
224,25,0,3,4,7,6,1,0,6,6,2,6,7,18958998,Cluster 0: Aggressive Growth,High Risk
225,1,1,1,1,1,2,6,4,3,3,5,2,2,100004,Cluster 3: Conservative Preservers,Low Risk
226,1,1,1,1,2,1,6,3,4,2,6,2,1,99653,Cluster 3: Conservative Preservers,Low Risk
227,8,1,2,1,1,2,6,5,4,4,2,4,2,131427,Cluster 3: Conservative Preservers,Low Risk
228,1,1,1,2,2,1,4,4,5,2,7,2,1,258632,Cluster 3: Conservative Preservers,Low Risk
229,9,1,2,2,4,3,5,6,5,3,5,3,4,2191810,Cluster 1: Liquid Needers,Low Risk
230,10,1,2,2,3,4,5,6,6,3,6,3,4,2339893,Cluster 0: Aggressive Growth,High Risk
231,12,1,2,2,4,4,4,5,5,2,6,2,4,2672608,Cluster 3: Conservative Preservers,Low Risk
232,18,1,3,2,7,7,3,7,7,5,2,7,6,4491311,Cluster 0: Aggressive Growth,High Risk
233,4,1,1,3,2,3,2,4,5,4,6,3,3,1544729,Cluster 3: Conservative Preservers,Low Risk
234,12,1,2,3,4,4,2,3,6,4,3,4,3,4306846,Cluster 0: Aggressive Growth,High Risk
235,13,1,2,3,3,4,3,3,5,5,2,3,4,4328356,Cluster 3: Conservative Preservers,Low Risk
236,14,1,2,3,3,4,1,3,7,4,2,4,4,4189138,Cluster 0: Aggressive Growth,High Risk
237,16,1,2,3,4,4,2,3,5,5,1,3,3,4837881,Cluster 3: Conservative Preservers,Low Risk
238,23,1,3,3,6,4,1,0,7,7,1,7,6,7600516,Cluster 0: Aggressive Growth,High Risk
239,7,1,1,4,2,6,1,1,5,3,7,2,3,4044670,Cluster 3: Conservative Preservers,Low Risk
240,25,1,3,4,7,6,1,0,6,6,2,6,7,12486834,Cluster 0: Aggressive Growth,High Risk
241,1,0,1,1,1,2,6,4,3,3,5,2,2,98059,Cluster 3: Conservative Preservers,Low Risk
242,2,0,1,1,2,1,6,3,4,2,6,2,1,99422,Cluster 3: Conservative Preservers,Low Risk
243,8,0,2,1,0,1,7,5,3,3,3,4,3,180103,Cluster 3: Conservative Preservers,Low Risk
244,8,0,2,1,1,2,6,5,4,4,2,4,2,159876,Cluster 3: Conservative Preservers,Low Risk
245,18,0,3,1,2,0,7,7,3,6,0,6,6,459967,Cluster 1: Liquid Needers,Low Risk
246,2,0,1,2,2,1,4,4,5,2,7,2,1,273883,Cluster 3: Conservative Preservers,Low Risk
247,9,0,2,2,4,3,5,6,5,3,5,3,4,2341295,Cluster 1: Liquid Needers,Low Risk
248,9,0,2,2,3,4,5,6,6,3,6,3,4,2366375,Cluster 0: Aggressive Growth,High Risk
249,10,0,2,2,4,4,4,5,5,2,6,2,4,2775033,Cluster 3: Conservative Preservers,Low Risk
250,11,0,2,2,4,3,6,5,4,2,5,1,4,2860950,Cluster 3: Conservative Preservers,Low Risk
251,19,0,3,2,6,6,3,6,6,6,2,6,7,4700108,Cluster 0: Aggressive Growth,High Risk
252,19,0,3,2,7,7,3,7,7,5,2,7,6,4456316,Cluster 0: Aggressive Growth,High Risk
253,4,0,1,3,2,3,2,4,5,4,6,3,3,1364632,Cluster 3: Conservative Preservers,Low Risk
254,4,0,1,3,2,4,1,3,5,4,7,3,3,1604277,Cluster 3: Conservative Preservers,Low Risk
255,12,0,2,3,4,4,2,3,6,4,3,4,3,4894483,Cluster 0: Aggressive Growth,High Risk
256,13,0,2,3,3,4,3,3,5,5,2,3,4,4428550,Cluster 3: Conservative Preservers,Low Risk
257,12,0,2,3,3,4,1,3,7,4,2,4,4,4167310,Cluster 0: Aggressive Growth,High Risk
258,23,0,3,3,6,5,1,2,6,6,1,7,6,7891301,Cluster 0: Aggressive Growth,High Risk
259,22,0,3,3,7,5,0,0,5,7,2,6,7,7162956,Cluster 2: Brand Loyalists,Medium Risk
260,24,0,3,3,6,4,1,0,7,7,1,7,6,7410994,Cluster 0: Aggressive Growth,High Risk
261,5,0,1,4,2,6,1,1,5,3,7,2,3,3326276,Cluster 3: Conservative Preservers,Low Risk
262,16,0,2,4,3,6,0,1,5,4,5,2,2,6567567,Cluster 3: Conservative Preservers,Low Risk
263,24,0,3,4,6,7,2,1,6,6,1,7,6,16924035,Cluster 0: Aggressive Growth,High Risk
264,25,0,3,4,7,6,1,0,6,6,2,6,7,18580776,Cluster 0: Aggressive Growth,High Risk
265,1,1,1,1,1,2,6,4,3,3,5,2,2,99465,Cluster 3: Conservative Preservers,Low Risk
266,1,1,1,1,2,1,6,3,4,2,6,2,1,99558,Cluster 3: Conservative Preservers,Low Risk
267,8,1,2,1,1,2,6,5,4,4,2,4,2,133867,Cluster 3: Conservative Preservers,Low Risk
268,1,1,1,2,2,1,4,4,5,2,7,2,1,249584,Cluster 3: Conservative Preservers,Low Risk
269,9,1,2,2,4,3,5,6,5,3,5,3,4,2174111,Cluster 1: Liquid Needers,Low Risk
270,10,1,2,2,3,4,5,6,6,3,6,3,4,2352150,Cluster 0: Aggressive Growth,High Risk
271,12,1,2,2,4,4,4,5,5,2,6,2,4,2642169,Cluster 3: Conservative Preservers,Low Risk
272,18,1,3,2,7,7,3,7,7,5,2,7,6,4501589,Cluster 0: Aggressive Growth,High Risk
273,4,1,1,3,2,3,2,4,5,4,6,3,3,1564769,Cluster 3: Conservative Preservers,Low Risk
274,12,1,2,3,4,4,2,3,6,4,3,4,3,4253411,Cluster 0: Aggressive Growth,High Risk
275,13,1,2,3,3,4,3,3,5,5,2,3,4,4379262,Cluster 3: Conservative Preservers,Low Risk
276,14,1,2,3,3,4,1,3,7,4,2,4,4,4125158,Cluster 0: Aggressive Growth,High Risk
277,16,1,2,3,4,4,2,3,5,5,1,3,3,4878187,Cluster 3: Conservative Preservers,Low Risk
278,23,1,3,3,6,4,1,0,7,7,1,7,6,7654189,Cluster 0: Aggressive Growth,High Risk
279,7,1,1,4,2,6,1,1,5,3,7,2,3,4074515,Cluster 3: Conservative Preservers,Low Risk
280,25,1,3,4,7,6,1,0,6,6,2,6,7,13070605,Cluster 0: Aggressive Growth,High Risk
281,2,0,1,2,2,1,4,4,5,2,7,2,1,273456,Cluster 3: Conservative Preservers,Low Risk
282,4,0,1,3,2,3,2,4,5,4,6,3,3,1339381,Cluster 3: Conservative Preservers,Low Risk
283,5,0,1,4,2,6,1,1,5,3,7,2,3,3364752,Cluster 3: Conservative Preservers,Low Risk
284,10,0,2,2,4,4,4,5,5,2,6,2,4,2785644,Cluster 3: Conservative Preservers,Low Risk
285,12,0,2,3,4,4,2,3,6,4,3,4,3,4903999,Cluster 0: Aggressive Growth,High Risk
286,12,0,2,3,3,4,1,3,7,4,2,4,4,4192950,Cluster 0: Aggressive Growth,High Risk
287,16,0,2,4,3,6,0,1,5,4,5,2,2,6569011,Cluster 3: Conservative Preservers,Low Risk
288,19,0,3,2,6,6,3,6,6,6,2,6,7,4704501,Cluster 0: Aggressive Growth,High Risk
289,22,0,3,3,7,5,0,0,5,7,2,6,7,7183612,Cluster 2: Brand Loyalists,Medium Risk
290,25,0,3,4,7,6,1,0,6,6,2,6,7,18979799,Cluster 0: Aggressive Growth,High Risk
291,1,1,1,2,2,1,4,4,5,2,7,2,1,258023,Cluster 3: Conservative Preservers,Low Risk
292,4,1,1,3,2,3,2,4,5,4,6,3,3,1551259,Cluster 3: Conservative Preservers,Low Risk
293,7,1,1,4,2,6,1,1,5,3,7,2,3,4036487,Cluster 3: Conservative Preservers,Low Risk
294,10,1,2,2,3,4,5,6,6,3,6,3,4,2326787,Cluster 0: Aggressive Growth,High Risk
295,16,1,2,3,4,4,2,3,5,5,1,3,3,4890016,Cluster 3: Conservative Preservers,Low Risk
296,13,1,2,3,3,4,3,3,5,5,2,3,4,4414581,Cluster 3: Conservative Preservers,Low Risk
297,18,1,3,2,7,7,3,7,7,5,2,7,6,4489566,Cluster 0: Aggressive Growth,High Risk
298,23,1,3,3,6,4,1,0,7,7,1,7,6,7475555,Cluster 0: Aggressive Growth,High Risk
299,12,1,2,2,4,4,4,5,5,2,6,2,4,2659156,Cluster 3: Conservative Preservers,Low Risk
300,25,1,3,4,7,6,1,0,6,6,2,6,7,12532305,Cluster 0: Aggressive Growth,High Risk
301,1,0,1,1,1,2,6,4,3,3,5,2,2,98059,Cluster 3: Conservative Preservers,Low Risk
302,2,0,1,1,2,1,6,3,4,2,6,2,1,99043,Cluster 3: Conservative Preservers,Low Risk
303,8,0,2,1,0,1,7,5,3,3,3,4,3,180058,Cluster 3: Conservative Preservers,Low Risk
304,8,0,2,1,1,2,6,5,4,4,2,4,2,159861,Cluster 3: Conservative Preservers,Low Risk
305,18,0,3,1,2,0,7,7,3,6,0,6,6,459852,Cluster 1: Liquid Needers,Low Risk
306,2,0,1,2,2,1,4,4,5,2,7,2,1,273478,Cluster 3: Conservative Preservers,Low Risk
307,9,0,2,2,4,3,5,6,5,3,5,3,4,2337227,Cluster 1: Liquid Needers,Low Risk
308,9,0,2,2,3,4,5,6,6,3,6,3,4,2443523,Cluster 0: Aggressive Growth,High Risk
309,10,0,2,2,4,4,4,5,5,2,6,2,4,2793125,Cluster 3: Conservative Preservers,Low Risk
310,11,0,2,2,4,3,6,5,4,2,5,1,4,2844304,Cluster 3: Conservative Preservers,Low Risk
311,19,0,3,2,6,6,3,6,6,6,2,6,7,4741072,Cluster 0: Aggressive Growth,High Risk
312,19,0,3,2,7,7,3,7,7,5,2,7,6,4486085,Cluster 0: Aggressive Growth,High Risk
313,4,0,1,3,2,3,2,4,5,4,6,3,3,1279561,Cluster 3: Conservative Preservers,Low Risk
314,4,0,1,3,2,4,1,3,5,4,7,3,3,1680110,Cluster 3: Conservative Preservers,Low Risk
315,12,0,2,3,4,4,2,3,6,4,3,4,3,4835148,Cluster 0: Aggressive Growth,High Risk
316,13,0,2,3,3,4,3,3,5,5,2,3,4,4438473,Cluster 3: Conservative Preservers,Low Risk
317,12,0,2,3,3,4,1,3,7,4,2,4,4,4179149,Cluster 0: Aggressive Growth,High Risk
318,23,0,3,3,6,5,1,2,6,6,1,7,6,7926468,Cluster 0: Aggressive Growth,High Risk
319,22,0,3,3,7,5,0,0,5,7,2,6,7,7212353,Cluster 2: Brand Loyalists,Medium Risk
320,24,0,3,3,6,4,1,0,7,7,1,7,6,7401486,Cluster 0: Aggressive Growth,High Risk
321,5,0,1,4,2,6,1,1,5,3,7,2,3,3344703,Cluster 3: Conservative Preservers,Low Risk
322,16,0,2,4,3,6,0,1,5,4,5,2,2,6569163,Cluster 3: Conservative Preservers,Low Risk
323,24,0,3,4,6,7,2,1,6,6,1,7,6,16829916,Cluster 0: Aggressive Growth,High Risk
324,25,0,3,4,7,6,1,0,6,6,2,6,7,18340977,Cluster 0: Aggressive Growth,High Risk
325,1,1,1,1,1,2,6,4,3,3,5,2,2,99931,Cluster 3: Conservative Preservers,Low Risk
326,1,1,1,1,2,1,6,3,4,2,6,2,1,99741,Cluster 3: Conservative Preservers,Low Risk
327,8,1,2,1,1,2,6,5,4,4,2,4,2,134117,Cluster 3: Conservative Preservers,Low Risk
328,1,1,1,2,2,1,4,4,5,2,7,2,1,256613,Cluster 3: Conservative Preservers,Low Risk
329,9,1,2,2,4,3,5,6,5,3,5,3,4,2123339,Cluster 1: Liquid Needers,Low Risk
330,10,1,2,2,3,4,5,6,6,3,6,3,4,2366917,Cluster 0: Aggressive Growth,High Risk
331,12,1,2,2,4,4,4,5,5,2,6,2,4,2660929,Cluster 3: Conservative Preservers,Low Risk
332,18,1,3,2,7,7,3,7,7,5,2,7,6,4482303,Cluster 0: Aggressive Growth,High Risk
333,4,1,1,3,2,3,2,4,5,4,6,3,3,1547923,Cluster 3: Conservative Preservers,Low Risk
334,12,1,2,3,4,4,2,3,6,4,3,4,3,4275136,Cluster 0: Aggressive Growth,High Risk
335,13,1,2,3,3,4,3,3,5,5,2,3,4,4342595,Cluster 3: Conservative Preservers,Low Risk
336,14,1,2,3,3,4,1,3,7,4,2,4,4,4184608,Cluster 0: Aggressive Growth,High Risk
337,16,1,2,3,4,4,2,3,5,5,1,3,3,4846905,Cluster 3: Conservative Preservers,Low Risk
338,23,1,3,3,6,4,1,0,7,7,1,7,6,7687193,Cluster 0: Aggressive Growth,High Risk
339,7,1,1,4,2,6,1,1,5,3,7,2,3,4084115,Cluster 3: Conservative Preservers,Low Risk
340,25,1,3,4,7,6,1,0,6,6,2,6,7,12835787,Cluster 0: Aggressive Growth,High Risk
341,1,0,1,1,1,2,6,4,3,3,5,2,2,98005,Cluster 3: Conservative Preservers,Low Risk
342,2,0,1,1,2,1,6,3,4,2,6,2,1,99349,Cluster 3: Conservative Preservers,Low Risk
343,8,0,2,1,0,1,7,5,3,3,3,4,3,180101,Cluster 3: Conservative Preservers,Low Risk
344,8,0,2,1,1,2,6,5,4,4,2,4,2,159860,Cluster 3: Conservative Preservers,Low Risk
345,18,0,3,1,2,0,7,7,3,6,0,6,6,459518,Cluster 1: Liquid Needers,Low Risk
346,2,0,1,2,2,1,4,4,5,2,7,2,1,273851,Cluster 3: Conservative Preservers,Low Risk
347,9,0,2,2,4,3,5,6,5,3,5,3,4,2336727,Cluster 1: Liquid Needers,Low Risk
348,9,0,2,2,3,4,5,6,6,3,6,3,4,2438926,Cluster 0: Aggressive Growth,High Risk
349,10,0,2,2,4,4,4,5,5,2,6,2,4,2751683,Cluster 3: Conservative Preservers,Low Risk
350,11,0,2,2,4,3,6,5,4,2,5,1,4,2882368,Cluster 3: Conservative Preservers,Low Risk
351,19,0,3,2,6,6,3,6,6,6,2,6,7,4730465,Cluster 0: Aggressive Growth,High Risk
352,19,0,3,2,7,7,3,7,7,5,2,7,6,4464646,Cluster 0: Aggressive Growth,High Risk
353,4,0,1,3,2,3,2,4,5,4,6,3,3,1268816,Cluster 3: Conservative Preservers,Low Risk
354,4,0,1,3,2,4,1,3,5,4,7,3,3,1648448,Cluster 3: Conservative Preservers,Low Risk
355,12,0,2,3,4,4,2,3,6,4,3,4,3,4829652,Cluster 0: Aggressive Growth,High Risk
356,13,0,2,3,3,4,3,3,5,5,2,3,4,4427184,Cluster 3: Conservative Preservers,Low Risk
357,12,0,2,3,3,4,1,3,7,4,2,4,4,4228597,Cluster 0: Aggressive Growth,High Risk
358,23,0,3,3,6,5,1,2,6,6,1,7,6,7981776,Cluster 0: Aggressive Growth,High Risk
359,22,0,3,3,7,5,0,0,5,7,2,6,7,7125368,Cluster 2: Brand Loyalists,Medium Risk
360,24,0,3,3,6,4,1,0,7,7,1,7,6,7432635,Cluster 0: Aggressive Growth,High Risk
361,5,0,1,4,2,6,1,1,5,3,7,2,3,3404742,Cluster 3: Conservative Preservers,Low Risk
362,16,0,2,4,3,6,0,1,5,4,5,2,2,6568485,Cluster 3: Conservative Preservers,Low Risk
363,24,0,3,4,6,7,2,1,6,6,1,7,6,16551949,Cluster 0: Aggressive Growth,High Risk
364,25,0,3,4,7,6,1,0,6,6,2,6,7,18341680,Cluster 0: Aggressive Growth,High Risk
365,1,1,1,1,1,2,6,4,3,3,5,2,2,99313,Cluster 3: Conservative Preservers,Low Risk
366,1,1,1,1,2,1,6,3,4,2,6,2,1,99939,Cluster 3: Conservative Preservers,Low Risk
367,8,1,2,1,1,2,6,5,4,4,2,4,2,135207,Cluster 3: Conservative Preservers,Low Risk
368,1,1,1,2,2,1,4,4,5,2,7,2,1,250144,Cluster 3: Conservative Preservers,Low Risk
369,9,1,2,2,4,3,5,6,5,3,5,3,4,2141726,Cluster 1: Liquid Needers,Low Risk
370,10,1,2,2,3,4,5,6,6,3,6,3,4,2330470,Cluster 0: Aggressive Growth,High Risk
371,12,1,2,2,4,4,4,5,5,2,6,2,4,2667538,Cluster 3: Conservative Preservers,Low Risk
372,18,1,3,2,7,7,3,7,7,5,2,7,6,4506930,Cluster 0: Aggressive Growth,High Risk
373,4,1,1,3,2,3,2,4,5,4,6,3,3,1550416,Cluster 3: Conservative Preservers,Low Risk
374,12,1,2,3,4,4,2,3,6,4,3,4,3,4319555,Cluster 0: Aggressive Growth,High Risk
375,13,1,2,3,3,4,3,3,5,5,2,3,4,4366111,Cluster 3: Conservative Preservers,Low Risk
376,14,1,2,3,3,4,1,3,7,4,2,4,4,4161174,Cluster 0: Aggressive Growth,High Risk
377,16,1,2,3,4,4,2,3,5,5,1,3,3,4843977,Cluster 3: Conservative Preservers,Low Risk
378,23,1,3,3,6,4,1,0,7,7,1,7,6,7503494,Cluster 0: Aggressive Growth,High Risk
379,7,1,1,4,2,6,1,1,5,3,7,2,3,4069281,Cluster 3: Conservative Preservers,Low Risk
380,25,1,3,4,7,6,1,0,6,6,2,6,7,12764605,Cluster 0: Aggressive Growth,High Risk
381,2,0,1,2,2,1,4,4,5,2,7,2,1,273507,Cluster 3: Conservative Preservers,Low Risk
382,4,0,1,3,2,3,2,4,5,4,6,3,3,1285762,Cluster 3: Conservative Preservers,Low Risk
383,5,0,1,4,2,6,1,1,5,3,7,2,3,3400020,Cluster 3: Conservative Preservers,Low Risk
384,10,0,2,2,4,4,4,5,5,2,6,2,4,2790383,Cluster 3: Conservative Preservers,Low Risk
385,12,0,2,3,4,4,2,3,6,4,3,4,3,4913251,Cluster 0: Aggressive Growth,High Risk
386,12,0,2,3,3,4,1,3,7,4,2,4,4,4172672,Cluster 0: Aggressive Growth,High Risk
387,16,0,2,4,3,6,0,1,5,4,5,2,2,6569724,Cluster 3: Conservative Preservers,Low Risk
388,19,0,3,2,6,6,3,6,6,6,2,6,7,4732717,Cluster 0: Aggressive Growth,High Risk
389,22,0,3,3,7,5,0,0,5,7,2,6,7,7142146,Cluster 2: Brand Loyalists,Medium Risk
390,25,0,3,4,7,6,1,0,6,6,2,6,7,19018241,Cluster 0: Aggressive Growth,High Risk
391,1,1,1,2,2,1,4,4,5,2,7,2,1,249253,Cluster 3: Conservative Preservers,Low Risk
392,4,1,1,3,2,3,2,4,5,4,6,3,3,1557254,Cluster 3: Conservative Preservers,Low Risk
393,7,1,1,4,2,6,1,1,5,3,7,2,3,4006770,Cluster 3: Conservative Preservers,Low Risk
394,10,1,2,2,3,4,5,6,6,3,6,3,4,2387557,Cluster 0: Aggressive Growth,High Risk
395,16,1,2,3,4,4,2,3,5,5,1,3,3,4859966,Cluster 3: Conservative Preservers,Low Risk
396,13,1,2,3,3,4,3,3,5,5,2,3,4,4357961,Cluster 3: Conservative Preservers,Low Risk
397,18,1,3,2,7,7,3,7,7,5,2,7,6,4532762,Cluster 0: Aggressive Growth,High Risk
398,23,1,3,3,6,4,1,0,7,7,1,7,6,7440306,Cluster 0: Aggressive Growth,High Risk
399,12,1,2,2,4,4,4,5,5,2,6,2,4,2640124,Cluster 3: Conservative Preservers,Low Risk
400,25,1,3,4,7,6,1,0,6,6,2,6,7,13024181,Cluster 0: Aggressive Growth,High Risk
401,1,0,1,1,1,2,6,4,3,3,5,2,2,98002,Cluster 3: Conservative Preservers,Low Risk
402,2,0,1,1,2,1,6,3,4,2,6,2,1,99270,Cluster 3: Conservative Preservers,Low Risk
403,8,0,2,1,0,1,7,5,3,3,3,4,3,180042,Cluster 3: Conservative Preservers,Low Risk
404,8,0,2,1,1,2,6,5,4,4,2,4,2,159952,Cluster 3: Conservative Preservers,Low Risk
405,18,0,3,1,2,0,7,7,3,6,0,6,6,459459,Cluster 1: Liquid Needers,Low Risk
406,2,0,1,2,2,1,4,4,5,2,7,2,1,273377,Cluster 3: Conservative Preservers,Low Risk
407,9,0,2,2,4,3,5,6,5,3,5,3,4,2341246,Cluster 1: Liquid Needers,Low Risk
408,9,0,2,2,3,4,5,6,6,3,6,3,4,2435150,Cluster 0: Aggressive Growth,High Risk
409,10,0,2,2,4,4,4,5,5,2,6,2,4,2748524,Cluster 3: Conservative Preservers,Low Risk
410,11,0,2,2,4,3,6,5,4,2,5,1,4,2816972,Cluster 3: Conservative Preservers,Low Risk
411,19,0,3,2,6,6,3,6,6,6,2,6,7,4705661,Cluster 0: Aggressive Growth,High Risk
412,19,0,3,2,7,7,3,7,7,5,2,7,6,4445710,Cluster 0: Aggressive Growth,High Risk
413,4,0,1,3,2,3,2,4,5,4,6,3,3,1337039,Cluster 3: Conservative Preservers,Low Risk
414,4,0,1,3,2,4,1,3,5,4,7,3,3,1698497,Cluster 3: Conservative Preservers,Low Risk
415,12,0,2,3,4,4,2,3,6,4,3,4,3,4915224,Cluster 0: Aggressive Growth,High Risk
416,13,0,2,3,3,4,3,3,5,5,2,3,4,4383822,Cluster 3: Conservative Preservers,Low Risk
417,12,0,2,3,3,4,1,3,7,4,2,4,4,4217743,Cluster 0: Aggressive Growth,High Risk
418,23,0,3,3,6,5,1,2,6,6,1,7,6,7891310,Cluster 0: Aggressive Growth,High Risk
419,22,0,3,3,7,5,0,0,5,7,2,6,7,7211387,Cluster 2: Brand Loyalists,Medium Risk
420,24,0,3,3,6,4,1,0,7,7,1,7,6,7436417,Cluster 0: Aggressive Growth,High Risk
421,5,0,1,4,3,4,1,1,5,3,6,4,5,3379430,Cluster 3: Conservative Preservers,Low Risk
422,16,0,2,4,4,4,0,1,4,4,5,6,7,6568188,Cluster 3: Conservative Preservers,Low Risk
423,24,0,3,4,3,5,2,1,4,6,5,2,2,17049629,Cluster 3: Conservative Preservers,Low Risk
424,25,0,3,4,4,7,1,0,6,6,6,2,6,18618129,Cluster 0: Aggressive Growth,High Risk
425,1,1,1,1,1,2,6,4,3,3,5,2,2,99984,Cluster 3: Conservative Preservers,Low Risk
426,1,1,1,1,2,1,6,3,4,2,6,2,1,100112,Cluster 3: Conservative Preservers,Low Risk
427,8,1,2,1,1,2,6,5,4,4,2,4,2,146162,Cluster 3: Conservative Preservers,Low Risk
428,1,1,1,2,2,1,4,4,5,2,7,2,1,259744,Cluster 3: Conservative Preservers,Low Risk
429,9,1,2,2,4,3,5,6,5,3,5,3,4,2124540,Cluster 1: Liquid Needers,Low Risk
430,10,1,2,2,3,4,5,6,6,3,6,3,4,2390941,Cluster 0: Aggressive Growth,High Risk
431,12,1,2,2,4,4,4,5,5,2,6,2,4,2632815,Cluster 3: Conservative Preservers,Low Risk
432,18,1,3,2,7,7,3,7,7,5,2,7,6,4451897,Cluster 0: Aggressive Growth,High Risk
433,4,1,1,3,2,3,2,4,5,4,6,3,3,1579638,Cluster 3: Conservative Preservers,Low Risk
434,12,1,2,3,4,4,2,3,6,4,3,4,3,4231190,Cluster 0: Aggressive Growth,High Risk
435,13,1,2,3,3,4,3,3,5,5,2,3,4,4327040,Cluster 3: Conservative Preservers,Low Risk
436,14,1,2,3,3,4,1,3,7,4,2,4,4,4143638,Cluster 0: Aggressive Growth,High Risk
437,16,1,2,3,4,4,2,3,5,5,1,3,3,4880314,Cluster 3: Conservative Preservers,Low Risk
438,23,1,3,3,6,4,1,0,7,7,1,7,6,7528152,Cluster 0: Aggressive Growth,High Risk
439,7,1,1,4,5,7,1,1,4,4,6,4,7,4054362,Cluster 3: Conservative Preservers,Low Risk
440,25,1,3,4,4,6,1,0,4,6,5,5,7,12811334,Cluster 3: Conservative Preservers,Low Risk
441,2,0,1,2,2,1,4,4,5,2,7,2,1,273731,Cluster 3: Conservative Preservers,Low Risk
442,4,0,1,3,2,3,2,4,5,4,6,3,3,1350368,Cluster 3: Conservative Preservers,Low Risk
443,5,0,1,4,4,7,1,1,5,3,4,4,4,3352875,Cluster 3: Conservative Preservers,Low Risk
444,10,0,2,2,4,4,4,5,5,2,6,2,4,2730641,Cluster 3: Conservative Preservers,Low Risk
445,12,0,2,3,4,4,2,3,6,4,3,4,3,4847686,Cluster 0: Aggressive Growth,High Risk
446,12,0,2,3,3,4,1,3,7,4,2,4,4,4219405,Cluster 0: Aggressive Growth,High Risk
447,16,0,2,4,3,5,0,1,6,4,6,5,7,6569236,Cluster 0: Aggressive Growth,High Risk
448,19,0,3,2,6,6,3,6,6,6,2,6,7,4753824,Cluster 0: Aggressive Growth,High Risk
449,22,0,3,3,7,5,0,0,5,7,2,6,7,7214509,Cluster 2: Brand Loyalists,Medium Risk
450,25,0,3,4,5,6,1,0,4,6,3,4,7,18777417,Cluster 3: Conservative Preservers,Low Risk
451,1,1,1,2,2,1,4,4,5,2,7,2,1,260399,Cluster 3: Conservative Preservers,Low Risk
452,4,1,1,3,2,3,2,4,5,4,6,3,3,1577281,Cluster 3: Conservative Preservers,Low Risk
453,7,1,1,4,5,6,1,1,5,4,3,6,7,4080610,Cluster 3: Conservative Preservers,Low Risk
454,10,1,2,2,3,4,5,6,6,3,6,3,4,2351317,Cluster 0: Aggressive Growth,High Risk
455,16,1,2,3,4,4,2,3,5,5,1,3,3,4891746,Cluster 3: Conservative Preservers,Low Risk
456,13,1,2,3,3,4,3,3,5,5,2,3,4,4387656,Cluster 3: Conservative Preservers,Low Risk
457,18,1,3,2,7,7,3,7,7,5,2,7,6,4517212,Cluster 0: Aggressive Growth,High Risk
458,23,1,3,3,6,4,1,0,7,7,1,7,6,7615309,Cluster 0: Aggressive Growth,High Risk
459,12,1,2,2,4,4,4,5,5,2,6,2,4,2666810,Cluster 3: Conservative Preservers,Low Risk
460,25,1,3,4,3,7,1,0,6,6,3,6,4,12790708,Cluster 0: Aggressive Growth,High Risk
461,1,0,1,1,1,2,6,4,3,3,5,2,2,98082,Cluster 3: Conservative Preservers,Low Risk
462,2,0,1,1,2,1,6,3,4,2,6,2,1,99359,Cluster 3: Conservative Preservers,Low Risk
463,8,0,2,1,0,1,7,5,3,3,3,4,3,180051,Cluster 3: Conservative Preservers,Low Risk
464,8,0,2,1,1,2,6,5,4,4,2,4,2,159838,Cluster 3: Conservative Preservers,Low Risk
465,18,0,3,1,2,0,7,7,3,6,0,6,6,459685,Cluster 1: Liquid Needers,Low Risk
466,2,0,1,2,2,1,4,4,5,2,7,2,1,273595,Cluster 3: Conservative Preservers,Low Risk
467,9,0,2,2,4,3,5,6,5,3,5,3,4,2273429,Cluster 1: Liquid Needers,Low Risk
468,9,0,2,2,3,4,5,6,6,3,6,3,4,2379313,Cluster 0: Aggressive Growth,High Risk
469,10,0,2,2,4,4,4,5,5,2,6,2,4,2704090,Cluster 3: Conservative Preservers,Low Risk
470,11,0,2,2,4,3,6,5,4,2,5,1,4,2825881,Cluster 3: Conservative Preservers,Low Risk
471,19,0,3,2,6,6,3,6,6,6,2,6,7,4727126,Cluster 0: Aggressive Growth,High Risk
472,19,0,3,2,7,7,3,7,7,5,2,7,6,4482981,Cluster 0: Aggressive Growth,High Risk
473,4,0,1,3,2,3,2,4,5,4,6,3,3,1308923,Cluster 3: Conservative Preservers,Low Risk
474,4,0,1,3,2,4,1,3,5,4,7,3,3,1606937,Cluster 3: Conservative Preservers,Low Risk
475,12,0,2,3,4,4,2,3,6,4,3,4,3,4871417,Cluster 0: Aggressive Growth,High Risk
476,13,0,2,3,3,4,3,3,5,5,2,3,4,4363441,Cluster 3: Conservative Preservers,Low Risk
477,12,0,2,3,3,4,1,3,7,4,2,4,4,4232133,Cluster 0: Aggressive Growth,High Risk
478,23,0,3,3,6,5,1,2,6,6,1,7,6,7916834,Cluster 0: Aggressive Growth,High Risk
479,22,0,3,3,7,5,0,0,5,7,2,6,7,7132453,Cluster 2: Brand Loyalists,Medium Risk
480,24,0,3,3,6,4,1,0,7,7,1,7,6,7401396,Cluster 0: Aggressive Growth,High Risk
481,5,0,1,4,5,7,1,1,7,3,4,7,6,3391771,Cluster 0: Aggressive Growth,High Risk
482,16,0,2,4,3,4,0,1,7,4,3,7,4,6567149,Cluster 0: Aggressive Growth,High Risk
483,24,0,3,4,4,4,2,1,4,6,6,2,2,16464386,Cluster 3: Conservative Preservers,Low Risk
484,25,0,3,4,5,4,1,0,4,6,3,5,6,18681825,Cluster 3: Conservative Preservers,Low Risk
485,1,1,1,1,1,2,6,4,3,3,5,2,2,99180,Cluster 3: Conservative Preservers,Low Risk
486,1,1,1,1,2,1,6,3,4,2,6,2,1,99592,Cluster 3: Conservative Preservers,Low Risk
487,8,1,2,1,1,2,6,5,4,4,2,4,2,148239,Cluster 3: Conservative Preservers,Low Risk
488,1,1,1,2,2,1,4,4,5,2,7,2,1,250655,Cluster 3: Conservative Preservers,Low Risk
489,9,1,2,2,4,3,5,6,5,3,5,3,4,2186425,Cluster 1: Liquid Needers,Low Risk
490,10,1,2,2,3,4,5,6,6,3,6,3,4,2369545,Cluster 0: Aggressive Growth,High Risk
491,12,1,2,2,4,4,4,5,5,2,6,2,4,2634374,Cluster 3: Conservative Preservers,Low Risk
492,18,1,3,2,7,7,3,7,7,5,2,7,6,4472845,Cluster 0: Aggressive Growth,High Risk
493,4,1,1,3,2,3,2,4,5,4,6,3,3,1584416,Cluster 3: Conservative Preservers,Low Risk
494,12,1,2,3,4,4,2,3,6,4,3,4,3,4312023,Cluster 0: Aggressive Growth,High Risk
495,13,1,2,3,3,4,3,3,5,5,2,3,4,4350112,Cluster 3: Conservative Preservers,Low Risk
496,14,1,2,3,3,4,1,3,7,4,2,4,4,4175736,Cluster 0: Aggressive Growth,High Risk
497,16,1,2,3,4,4,2,3,5,5,1,3,3,4867129,Cluster 3: Conservative Preservers,Low Risk
498,23,1,3,3,6,4,1,0,7,7,1,7,6,7534605,Cluster 0: Aggressive Growth,High Risk
499,7,1,1,4,4,7,1,1,4,4,4,2,4,4010459,Cluster 3: Conservative Preservers,Low Risk
500,25,1,3,4,5,5,1,0,6,6,4,5,7,12473305,Cluster 0: Aggressive Growth,High Risk
501,1,0,1,1,1,2,6,4,3,3,5,2,2,98107,Cluster 3: Conservative Preservers,Low Risk
502,2,0,1,1,2,1,6,3,4,2,6,2,1,99016,Cluster 3: Conservative Preservers,Low Risk
503,8,0,2,1,0,1,7,5,3,3,3,4,3,180096,Cluster 3: Conservative Preservers,Low Risk
504,8,0,2,1,1,2,6,5,4,4,2,4,2,159910,Cluster 3: Conservative Preservers,Low Risk
505,18,0,3,1,2,0,7,7,3,6,0,6,6,459392,Cluster 1: Liquid Needers,Low Risk
506,2,0,1,2,2,1,4,4,5,2,7,2,1,273302,Cluster 3: Conservative Preservers,Low Risk
507,9,0,2,2,4,3,5,6,5,3,5,3,4,2333574,Cluster 1: Liquid Needers,Low Risk
508,9,0,2,2,3,4,5,6,6,3,6,3,4,2431080,Cluster 0: Aggressive Growth,High Risk
509,10,0,2,2,4,4,4,5,5,2,6,2,4,2773456,Cluster 3: Conservative Preservers,Low Risk
510,11,0,2,2,4,3,6,5,4,2,5,1,4,2871335,Cluster 3: Conservative Preservers,Low Risk
511,19,0,3,2,6,6,3,6,6,6,2,6,7,4722752,Cluster 0: Aggressive Growth,High Risk
512,19,0,3,2,7,7,3,7,7,5,2,7,6,4470178,Cluster 0: Aggressive Growth,High Risk
513,4,0,1,3,2,3,2,4,5,4,6,3,3,1342320,Cluster 3: Conservative Preservers,Low Risk
514,4,0,1,3,2,4,1,3,5,4,7,3,3,1634701,Cluster 3: Conservative Preservers,Low Risk
515,12,0,2,3,4,4,2,3,6,4,3,4,3,4860112,Cluster 0: Aggressive Growth,High Risk
516,13,0,2,3,3,4,3,3,5,5,2,3,4,4380003,Cluster 3: Conservative Preservers,Low Risk
517,12,0,2,3,3,4,1,3,7,4,2,4,4,4164384,Cluster 0: Aggressive Growth,High Risk
518,23,0,3,3,6,5,1,2,6,6,1,7,6,7875619,Cluster 0: Aggressive Growth,High Risk
519,22,0,3,3,7,5,0,0,5,7,2,6,7,7195017,Cluster 2: Brand Loyalists,Medium Risk
520,24,0,3,3,6,4,1,0,7,7,1,7,6,7437988,Cluster 0: Aggressive Growth,High Risk
521,5,0,1,4,3,7,1,1,5,3,4,7,7,3363058,Cluster 3: Conservative Preservers,Low Risk
522,16,0,2,4,4,4,0,1,4,4,3,3,7,6569722,Cluster 3: Conservative Preservers,Low Risk
523,24,0,3,4,5,5,2,1,4,6,6,2,2,17012749,Cluster 3: Conservative Preservers,Low Risk
524,25,0,3,4,4,5,1,0,4,6,4,7,4,18848667,Cluster 3: Conservative Preservers,Low Risk
525,1,1,1,1,1,2,6,4,3,3,5,2,2,99015,Cluster 3: Conservative Preservers,Low Risk
526,1,1,1,1,2,1,6,3,4,2,6,2,1,99185,Cluster 3: Conservative Preservers,Low Risk
527,8,1,2,1,1,2,6,5,4,4,2,4,2,136316,Cluster 3: Conservative Preservers,Low Risk
528,1,1,1,2,2,1,4,4,5,2,7,2,1,248297,Cluster 3: Conservative Preservers,Low Risk
529,9,1,2,2,4,3,5,6,5,3,5,3,4,2152858,Cluster 1: Liquid Needers,Low Risk
530,10,1,2,2,3,4,5,6,6,3,6,3,4,2325121,Cluster 0: Aggressive Growth,High Risk
531,12,1,2,2,4,4,4,5,5,2,6,2,4,2662444,Cluster 3: Conservative Preservers,Low Risk
532,18,1,3,2,7,7,3,7,7,5,2,7,6,4444740,Cluster 0: Aggressive Growth,High Risk
533,4,1,1,3,2,3,2,4,5,4,6,3,3,1567500,Cluster 3: Conservative Preservers,Low Risk
534,12,1,2,3,4,4,2,3,6,4,3,4,3,4293249,Cluster 0: Aggressive Growth,High Risk
535,13,1,2,3,3,4,3,3,5,5,2,3,4,4420305,Cluster 3: Conservative Preservers,Low Risk
536,14,1,2,3,3,4,1,3,7,4,2,4,4,4188511,Cluster 0: Aggressive Growth,High Risk
537,16,1,2,3,4,4,2,3,5,5,1,3,3,4854320,Cluster 3: Conservative Preservers,Low Risk
538,23,1,3,3,6,4,1,0,7,7,1,7,6,7677501,Cluster 0: Aggressive Growth,High Risk
539,7,1,1,4,3,4,1,1,7,4,4,3,4,4087027,Cluster 0: Aggressive Growth,High Risk
540,25,1,3,4,3,7,1,0,3,6,6,5,5,12662672,Cluster 3: Conservative Preservers,Low Risk
541,2,0,1,2,2,1,4,4,5,2,7,2,1,273899,Cluster 3: Conservative Preservers,Low Risk
542,4,0,1,3,2,3,2,4,5,4,6,3,3,1269826,Cluster 3: Conservative Preservers,Low Risk
543,5,0,1,4,4,7,1,1,6,3,4,5,4,3378189,Cluster 0: Aggressive Growth,High Risk
544,10,0,2,2,4,4,4,5,5,2,6,2,4,2661299,Cluster 3: Conservative Preservers,Low Risk
545,12,0,2,3,4,4,2,3,6,4,3,4,3,4853462,Cluster 0: Aggressive Growth,High Risk
546,12,0,2,3,3,4,1,3,7,4,2,4,4,4187320,Cluster 0: Aggressive Growth,High Risk
547,16,0,2,4,4,6,0,1,3,4,6,7,6,6568573,Cluster 3: Conservative Preservers,Low Risk
548,19,0,3,2,6,6,3,6,6,6,2,6,7,4757053,Cluster 0: Aggressive Growth,High Risk
549,22,0,3,3,7,5,0,0,5,7,2,6,7,7209366,Cluster 2: Brand Loyalists,Medium Risk
550,25,0,3,4,3,6,1,0,6,6,6,6,7,18736668,Cluster 0: Aggressive Growth,High Risk
551,1,1,1,2,2,1,4,4,5,2,7,2,1,256193,Cluster 3: Conservative Preservers,Low Risk
552,4,1,1,3,2,3,2,4,5,4,6,3,3,1538523,Cluster 3: Conservative Preservers,Low Risk
553,7,1,1,4,5,7,1,1,4,4,3,7,6,4046670,Cluster 3: Conservative Preservers,Low Risk
554,10,1,2,2,3,4,5,6,6,3,6,3,4,2373567,Cluster 0: Aggressive Growth,High Risk
555,16,1,2,3,4,4,2,3,5,5,1,3,3,4840601,Cluster 3: Conservative Preservers,Low Risk
556,13,1,2,3,3,4,3,3,5,5,2,3,4,4332655,Cluster 3: Conservative Preservers,Low Risk
557,18,1,3,2,7,7,3,7,7,5,2,7,6,4534398,Cluster 0: Aggressive Growth,High Risk
558,23,1,3,3,6,4,1,0,7,7,1,7,6,7604796,Cluster 0: Aggressive Growth,High Risk
559,12,1,2,2,4,4,4,5,5,2,6,2,4,2664464,Cluster 3: Conservative Preservers,Low Risk
560,25,1,3,4,3,4,1,0,6,6,3,6,7,13296936,Cluster 0: Aggressive Growth,High Risk
561,1,0,1,1,1,2,6,4,3,3,5,2,2,98110,Cluster 3: Conservative Preservers,Low Risk
562,2,0,1,1,2,1,6,3,4,2,6,2,1,99019,Cluster 3: Conservative Preservers,Low Risk
563,8,0,2,1,0,1,7,5,3,3,3,4,3,180140,Cluster 3: Conservative Preservers,Low Risk
564,8,0,2,1,1,2,6,5,4,4,2,4,2,160044,Cluster 3: Conservative Preservers,Low Risk
565,18,0,3,1,2,0,7,7,3,6,0,6,6,459380,Cluster 1: Liquid Needers,Low Risk
566,2,0,1,2,2,1,4,4,5,2,7,2,1,273696,Cluster 3: Conservative Preservers,Low Risk
567,9,0,2,2,4,3,5,6,5,3,5,3,4,2356487,Cluster 1: Liquid Needers,Low Risk
568,9,0,2,2,3,4,5,6,6,3,6,3,4,2447365,Cluster 0: Aggressive Growth,High Risk
569,10,0,2,2,4,4,4,5,5,2,6,2,4,2757914,Cluster 3: Conservative Preservers,Low Risk
570,11,0,2,2,4,3,6,5,4,2,5,1,4,2873833,Cluster 3: Conservative Preservers,Low Risk
571,19,0,3,2,6,6,3,6,6,6,2,6,7,4680870,Cluster 0: Aggressive Growth,High Risk
572,19,0,3,2,7,7,3,7,7,5,2,7,6,4498075,Cluster 0: Aggressive Growth,High Risk
573,4,0,1,3,2,3,2,4,5,4,6,3,3,1325817,Cluster 3: Conservative Preservers,Low Risk
574,4,0,1,3,2,4,1,3,5,4,7,3,3,1676911,Cluster 3: Conservative Preservers,Low Risk
575,12,0,2,3,4,4,2,3,6,4,3,4,3,4873648,Cluster 0: Aggressive Growth,High Risk
576,13,0,2,3,3,4,3,3,5,5,2,3,4,4421514,Cluster 3: Conservative Preservers,Low Risk
577,12,0,2,3,3,4,1,3,7,4,2,4,4,4156482,Cluster 0: Aggressive Growth,High Risk
578,23,0,3,3,6,5,1,2,6,6,1,7,6,7929294,Cluster 0: Aggressive Growth,High Risk
579,22,0,3,3,7,5,0,0,5,7,2,6,7,7173928,Cluster 2: Brand Loyalists,Medium Risk
580,24,0,3,3,6,4,1,0,7,7,1,7,6,7427498,Cluster 0: Aggressive Growth,High Risk
581,5,0,1,4,4,4,1,1,4,3,6,4,7,3361098,Cluster 3: Conservative Preservers,Low Risk
582,16,0,2,4,4,7,0,1,7,4,6,4,4,6566904,Cluster 0: Aggressive Growth,High Risk
583,24,0,3,4,4,4,2,1,6,6,6,2,2,17234366,Cluster 0: Aggressive Growth,High Risk
584,25,0,3,4,5,4,1,0,6,6,5,6,6,18915151,Cluster 0: Aggressive Growth,High Risk
585,1,1,1,1,1,2,6,4,3,3,5,2,2,99355,Cluster 3: Conservative Preservers,Low Risk
586,1,1,1,1,2,1,6,3,4,2,6,2,1,100057,Cluster 3: Conservative Preservers,Low Risk
587,8,1,2,1,1,2,6,5,4,4,2,4,2,138178,Cluster 3: Conservative Preservers,Low Risk
588,1,1,1,2,2,1,4,4,5,2,7,2,1,255409,Cluster 3: Conservative Preservers,Low Risk
589,9,1,2,2,4,3,5,6,5,3,5,3,4,2165231,Cluster 1: Liquid Needers,Low Risk
590,10,1,2,2,3,4,5,6,6,3,6,3,4,2344214,Cluster 0: Aggressive Growth,High Risk
591,12,1,2,2,4,4,4,5,5,2,6,2,4,2674288,Cluster 3: Conservative Preservers,Low Risk
592,18,1,3,2,7,7,3,7,7,5,2,7,6,4482893,Cluster 0: Aggressive Growth,High Risk
593,4,1,1,3,2,3,2,4,5,4,6,3,3,1553042,Cluster 3: Conservative Preservers,Low Risk
594,12,1,2,3,4,4,2,3,6,4,3,4,3,4271244,Cluster 0: Aggressive Growth,High Risk
595,13,1,2,3,3,4,3,3,5,5,2,3,4,4415154,Cluster 3: Conservative Preservers,Low Risk
596,14,1,2,3,3,4,1,3,7,4,2,4,4,4133942,Cluster 0: Aggressive Growth,High Risk
597,16,1,2,3,4,4,2,3,5,5,1,3,3,4837867,Cluster 3: Conservative Preservers,Low Risk
598,23,1,3,3,6,4,1,0,7,7,1,7,6,7544877,Cluster 0: Aggressive Growth,High Risk
599,7,1,1,4,5,6,1,1,3,4,6,7,4,4066914,Cluster 3: Conservative Preservers,Low Risk
600,25,1,3,4,3,6,1,0,4,6,3,7,7,12524365,Cluster 3: Conservative Preservers,Low Risk
601,1,0,1,1,1,2,6,4,3,3,5,2,2,98061,Cluster 3: Conservative Preservers,Low Risk
602,2,0,1,1,2,1,6,3,4,2,6,2,1,98997,Cluster 3: Conservative Preservers,Low Risk
603,8,0,2,1,0,1,7,5,3,3,3,4,3,180381,Cluster 3: Conservative Preservers,Low Risk
604,8,0,2,1,1,2,6,5,4,4,2,4,2,159822,Cluster 3: Conservative Preservers,Low Risk
605,18,0,3,1,2,0,7,7,3,6,0,6,6,459527,Cluster 1: Liquid Needers,Low Risk
606,2,0,1,2,2,1,4,4,5,2,7,2,1,273437,Cluster 3: Conservative Preservers,Low Risk
607,9,0,2,2,4,3,5,6,5,3,5,3,4,2336849,Cluster 1: Liquid Needers,Low Risk
608,9,0,2,2,3,4,5,6,6,3,6,3,4,2452482,Cluster 0: Aggressive Growth,High Risk
609,10,0,2,2,4,4,4,5,5,2,6,2,4,2714647,Cluster 3: Conservative Preservers,Low Risk
610,11,0,2,2,4,3,6,5,4,2,5,1,4,2886400,Cluster 3: Conservative Preservers,Low Risk
611,19,0,3,2,6,6,3,6,6,6,2,6,7,4757578,Cluster 0: Aggressive Growth,High Risk
612,19,0,3,2,7,7,3,7,7,5,2,7,6,4483269,Cluster 0: Aggressive Growth,High Risk
613,4,0,1,3,2,3,2,4,5,4,6,3,3,1282257,Cluster 3: Conservative Preservers,Low Risk
614,4,0,1,3,2,4,1,3,5,4,7,3,3,1679595,Cluster 3: Conservative Preservers,Low Risk
615,12,0,2,3,4,4,2,3,6,4,3,4,3,4870621,Cluster 0: Aggressive Growth,High Risk
616,13,0,2,3,3,4,3,3,5,5,2,3,4,4380457,Cluster 3: Conservative Preservers,Low Risk
617,12,0,2,3,3,4,1,3,7,4,2,4,4,4163622,Cluster 0: Aggressive Growth,High Risk
618,23,0,3,3,6,5,1,2,6,6,1,7,6,7868448,Cluster 0: Aggressive Growth,High Risk
619,22,0,3,3,7,5,0,0,5,7,2,6,7,7151618,Cluster 2: Brand Loyalists,Medium Risk
620,24,0,3,3,6,4,1,0,7,7,1,7,6,7393137,Cluster 0: Aggressive Growth,High Risk
621,5,0,1,4,4,5,1,1,3,3,5,6,4,3414414,Cluster 3: Conservative Preservers,Low Risk
622,16,0,2,4,5,7,0,1,4,4,6,5,5,6567437,Cluster 3: Conservative Preservers,Low Risk
623,24,0,3,4,3,7,2,1,5,6,4,2,2,16829954,Cluster 3: Conservative Preservers,Low Risk
624,25,0,3,4,3,6,1,0,6,6,5,3,6,18616485,Cluster 0: Aggressive Growth,High Risk
625,1,1,1,1,1,2,6,4,3,3,5,2,2,99532,Cluster 3: Conservative Preservers,Low Risk
626,1,1,1,1,2,1,6,3,4,2,6,2,1,99390,Cluster 3: Conservative Preservers,Low Risk
627,8,1,2,1,1,2,6,5,4,4,2,4,2,147963,Cluster 3: Conservative Preservers,Low Risk
628,1,1,1,2,2,1,4,4,5,2,7,2,1,247945,Cluster 3: Conservative Preservers,Low Risk
629,9,1,2,2,4,3,5,6,5,3,5,3,4,2185453,Cluster 1: Liquid Needers,Low Risk
630,10,1,2,2,3,4,5,6,6,3,6,3,4,2358480,Cluster 0: Aggressive Growth,High Risk
631,12,1,2,2,4,4,4,5,5,2,6,2,4,2629436,Cluster 3: Conservative Preservers,Low Risk
632,18,1,3,2,7,7,3,7,7,5,2,7,6,4522623,Cluster 0: Aggressive Growth,High Risk
633,4,1,1,3,2,3,2,4,5,4,6,3,3,1574804,Cluster 3: Conservative Preservers,Low Risk
634,12,1,2,3,4,4,2,3,6,4,3,4,3,4249333,Cluster 0: Aggressive Growth,High Risk
635,13,1,2,3,3,4,3,3,5,5,2,3,4,4373853,Cluster 3: Conservative Preservers,Low Risk
636,14,1,2,3,3,4,1,3,7,4,2,4,4,4182988,Cluster 0: Aggressive Growth,High Risk
637,16,1,2,3,4,4,2,3,5,5,1,3,3,4882891,Cluster 3: Conservative Preservers,Low Risk
638,23,1,3,3,6,4,1,0,7,7,1,7,6,7676660,Cluster 0: Aggressive Growth,High Risk
639,7,1,1,4,4,5,1,1,7,4,3,3,7,3999890,Cluster 0: Aggressive Growth,High Risk
640,25,1,3,4,5,4,1,0,7,6,3,5,5,12839895,Cluster 0: Aggressive Growth,High Risk
641,2,0,1,2,2,1,4,4,5,2,7,2,1,273428,Cluster 3: Conservative Preservers,Low Risk
642,4,0,1,3,2,3,2,4,5,4,6,3,3,1295662,Cluster 3: Conservative Preservers,Low Risk
643,5,0,1,4,5,5,1,1,3,3,6,6,7,3380995,Cluster 3: Conservative Preservers,Low Risk
644,10,0,2,2,4,4,4,5,5,2,6,2,4,2668842,Cluster 3: Conservative Preservers,Low Risk
645,12,0,2,3,4,4,2,3,6,4,3,4,3,4882271,Cluster 0: Aggressive Growth,High Risk
646,12,0,2,3,3,4,1,3,7,4,2,4,4,4184472,Cluster 0: Aggressive Growth,High Risk
647,16,0,2,4,3,7,0,1,7,4,5,7,4,6569724,Cluster 0: Aggressive Growth,High Risk
648,19,0,3,2,6,6,3,6,6,6,2,6,7,4667241,Cluster 0: Aggressive Growth,High Risk
649,22,0,3,3,7,5,0,0,5,7,2,6,7,7147386,Cluster 2: Brand Loyalists,Medium Risk
650,25,0,3,4,3,6,1,0,7,6,3,5,4,18769553,Cluster 0: Aggressive Growth,High Risk
651,1,1,1,2,2,1,4,4,5,2,7,2,1,253054,Cluster 3: Conservative Preservers,Low Risk
652,4,1,1,3,2,3,2,4,5,4,6,3,3,1592882,Cluster 3: Conservative Preservers,Low Risk
653,7,1,1,4,5,4,1,1,3,4,6,7,6,4041200,Cluster 3: Conservative Preservers,Low Risk
654,10,1,2,2,3,4,5,6,6,3,6,3,4,2314445,Cluster 0: Aggressive Growth,High Risk
655,16,1,2,3,4,4,2,3,5,5,1,3,3,4836877,Cluster 3: Conservative Preservers,Low Risk
656,13,1,2,3,3,4,3,3,5,5,2,3,4,4347140,Cluster 3: Conservative Preservers,Low Risk
657,18,1,3,2,7,7,3,7,7,5,2,7,6,4524951,Cluster 0: Aggressive Growth,High Risk
658,23,1,3,3,6,4,1,0,7,7,1,7,6,7448486,Cluster 0: Aggressive Growth,High Risk
659,12,1,2,2,4,4,4,5,5,2,6,2,4,2651248,Cluster 3: Conservative Preservers,Low Risk
660,25,1,3,4,4,7,1,0,7,6,4,3,4,12910328,Cluster 0: Aggressive Growth,High Risk
661,1,0,1,1,1,2,6,4,3,3,5,2,2,98125,Cluster 3: Conservative Preservers,Low Risk
662,2,0,1,1,2,1,6,3,4,2,6,2,1,100019,Cluster 3: Conservative Preservers,Low Risk
663,8,0,2,1,0,1,7,5,3,3,3,4,3,180179,Cluster 3: Conservative Preservers,Low Risk
664,8,0,2,1,1,2,6,5,4,4,2,4,2,160039,Cluster 3: Conservative Preservers,Low Risk
665,18,0,3,1,2,0,7,7,3,6,0,6,6,459881,Cluster 1: Liquid Needers,Low Risk
666,2,0,1,2,2,1,4,4,5,2,7,2,1,273636,Cluster 3: Conservative Preservers,Low Risk
667,9,0,2,2,4,3,5,6,5,3,5,3,4,2291745,Cluster 1: Liquid Needers,Low Risk
668,9,0,2,2,3,4,5,6,6,3,6,3,4,2413262,Cluster 0: Aggressive Growth,High Risk
669,10,0,2,2,4,4,4,5,5,2,6,2,4,2655678,Cluster 3: Conservative Preservers,Low Risk
670,11,0,2,2,4,3,6,5,4,2,5,1,4,2826908,Cluster 3: Conservative Preservers,Low Risk
671,19,0,3,2,6,6,3,6,6,6,2,6,7,4720691,Cluster 0: Aggressive Growth,High Risk
672,19,0,3,2,7,7,3,7,7,5,2,7,6,4493822,Cluster 0: Aggressive Growth,High Risk
673,4,0,1,3,2,3,2,4,5,4,6,3,3,1344144,Cluster 3: Conservative Preservers,Low Risk
674,4,0,1,3,2,4,1,3,5,4,7,3,3,1617304,Cluster 3: Conservative Preservers,Low Risk
675,12,0,2,3,4,4,2,3,6,4,3,4,3,4832220,Cluster 0: Aggressive Growth,High Risk
676,13,0,2,3,3,4,3,3,5,5,2,3,4,4448424,Cluster 3: Conservative Preservers,Low Risk
677,12,0,2,3,3,4,1,3,7,4,2,4,4,4196390,Cluster 0: Aggressive Growth,High Risk
678,23,0,3,3,6,5,1,2,6,6,1,7,6,7982821,Cluster 0: Aggressive Growth,High Risk
679,22,0,3,3,7,5,0,0,5,7,2,6,7,7177185,Cluster 2: Brand Loyalists,Medium Risk
680,24,0,3,3,6,4,1,0,7,7,1,7,6,7351871,Cluster 0: Aggressive Growth,High Risk
681,5,0,1,4,4,4,1,1,5,3,6,7,4,3331233,Cluster 3: Conservative Preservers,Low Risk
682,16,0,2,4,3,6,0,1,5,4,4,3,7,6569846,Cluster 3: Conservative Preservers,Low Risk
683,24,0,3,4,5,6,2,1,7,6,3,2,2,17200367,Cluster 0: Aggressive Growth,High Risk
684,25,0,3,4,5,4,1,0,3,6,5,3,6,18651118,Cluster 3: Conservative Preservers,Low Risk
685,1,1,1,1,1,2,6,4,3,3,5,2,2,99832,Cluster 3: Conservative Preservers,Low Risk
686,1,1,1,1,2,1,6,3,4,2,6,2,1,99124,Cluster 3: Conservative Preservers,Low Risk
687,8,1,2,1,1,2,6,5,4,4,2,4,2,136844,Cluster 3: Conservative Preservers,Low Risk
688,1,1,1,2,2,1,4,4,5,2,7,2,1,248893,Cluster 3: Conservative Preservers,Low Risk
689,9,1,2,2,4,3,5,6,5,3,5,3,4,2164132,Cluster 1: Liquid Needers,Low Risk
690,10,1,2,2,3,4,5,6,6,3,6,3,4,2374213,Cluster 0: Aggressive Growth,High Risk
691,12,1,2,2,4,4,4,5,5,2,6,2,4,2664456,Cluster 3: Conservative Preservers,Low Risk
692,18,1,3,2,7,7,3,7,7,5,2,7,6,4486385,Cluster 0: Aggressive Growth,High Risk
693,4,1,1,3,2,3,2,4,5,4,6,3,3,1540212,Cluster 3: Conservative Preservers,Low Risk
694,12,1,2,3,4,4,2,3,6,4,3,4,3,4255852,Cluster 0: Aggressive Growth,High Risk
695,13,1,2,3,3,4,3,3,5,5,2,3,4,4370187,Cluster 3: Conservative Preservers,Low Risk
696,14,1,2,3,3,4,1,3,7,4,2,4,4,4141778,Cluster 0: Aggressive Growth,High Risk
697,16,1,2,3,4,4,2,3,5,5,1,3,3,4878035,Cluster 3: Conservative Preservers,Low Risk
698,23,1,3,3,6,4,1,0,7,7,1,7,6,7528090,Cluster 0: Aggressive Growth,High Risk
699,7,1,1,4,3,4,1,1,5,4,4,7,6,4064723,Cluster 3: Conservative Preservers,Low Risk
700,25,1,3,4,5,4,1,0,6,6,5,7,7,12669536,Cluster 0: Aggressive Growth,High Risk
701,1,0,1,1,1,2,6,4,3,3,5,2,2,98004,Cluster 3: Conservative Preservers,Low Risk
702,2,0,1,1,2,1,6,3,4,2,6,2,1,99499,Cluster 3: Conservative Preservers,Low Risk
703,8,0,2,1,0,1,7,5,3,3,3,4,3,180115,Cluster 3: Conservative Preservers,Low Risk
704,8,0,2,1,1,2,6,5,4,4,2,4,2,160045,Cluster 3: Conservative Preservers,Low Risk
705,18,0,3,1,2,0,7,7,3,6,0,6,6,459783,Cluster 1: Liquid Needers,Low Risk
706,2,0,1,2,2,1,4,4,5,2,7,2,1,273356,Cluster 3: Conservative Preservers,Low Risk
707,9,0,2,2,4,3,5,6,5,3,5,3,4,2343466,Cluster 1: Liquid Needers,Low Risk
708,9,0,2,2,3,4,5,6,6,3,6,3,4,2423881,Cluster 0: Aggressive Growth,High Risk
709,10,0,2,2,4,4,4,5,5,2,6,2,4,2693282,Cluster 3: Conservative Preservers,Low Risk
710,11,0,2,2,4,3,6,5,4,2,5,1,4,2888936,Cluster 3: Conservative Preservers,Low Risk
711,19,0,3,2,6,6,3,6,6,6,2,6,7,4705901,Cluster 0: Aggressive Growth,High Risk
712,19,0,3,2,7,7,3,7,7,5,2,7,6,4472756,Cluster 0: Aggressive Growth,High Risk
713,4,0,1,3,2,3,2,4,5,4,6,3,3,1311564,Cluster 3: Conservative Preservers,Low Risk
714,4,0,1,3,2,4,1,3,5,4,7,3,3,1633790,Cluster 3: Conservative Preservers,Low Risk
715,12,0,2,3,4,4,2,3,6,4,3,4,3,4856381,Cluster 0: Aggressive Growth,High Risk
716,13,0,2,3,3,4,3,3,5,5,2,3,4,4457267,Cluster 3: Conservative Preservers,Low Risk
717,12,0,2,3,3,4,1,3,7,4,2,4,4,4172894,Cluster 0: Aggressive Growth,High Risk
718,23,0,3,3,6,5,1,2,6,6,1,7,6,7948767,Cluster 0: Aggressive Growth,High Risk
719,22,0,3,3,7,5,0,0,5,7,2,6,7,7174260,Cluster 2: Brand Loyalists,Medium Risk
720,24,0,3,3,6,4,1,0,7,7,1,7,6,7395219,Cluster 0: Aggressive Growth,High Risk
721,5,0,1,4,4,4,1,1,6,3,3,4,4,3402149,Cluster 0: Aggressive Growth,High Risk
722,16,0,2,4,3,4,0,1,7,4,6,5,7,6568886,Cluster 0: Aggressive Growth,High Risk
723,24,0,3,4,4,5,2,1,5,6,5,2,2,17293478,Cluster 3: Conservative Preservers,Low Risk
724,25,0,3,4,3,4,1,0,7,6,4,2,5,18912282,Cluster 0: Aggressive Growth,High Risk
725,1,1,1,1,1,2,6,4,3,3,5,2,2,100080,Cluster 3: Conservative Preservers,Low Risk
726,1,1,1,1,2,1,6,3,4,2,6,2,1,99519,Cluster 3: Conservative Preservers,Low Risk
727,8,1,2,1,1,2,6,5,4,4,2,4,2,133568,Cluster 3: Conservative Preservers,Low Risk
728,1,1,1,2,2,1,4,4,5,2,7,2,1,255943,Cluster 3: Conservative Preservers,Low Risk
729,9,1,2,2,4,3,5,6,5,3,5,3,4,2157167,Cluster 1: Liquid Needers,Low Risk
730,10,1,2,2,3,4,5,6,6,3,6,3,4,2355969,Cluster 0: Aggressive Growth,High Risk
731,12,1,2,2,4,4,4,5,5,2,6,2,4,2649504,Cluster 3: Conservative Preservers,Low Risk
732,18,1,3,2,7,7,3,7,7,5,2,7,6,4443847,Cluster 0: Aggressive Growth,High Risk
733,4,1,1,3,2,3,2,4,5,4,6,3,3,1576340,Cluster 3: Conservative Preservers,Low Risk
734,12,1,2,3,4,4,2,3,6,4,3,4,3,4298464,Cluster 0: Aggressive Growth,High Risk
735,13,1,2,3,3,4,3,3,5,5,2,3,4,4346064,Cluster 3: Conservative Preservers,Low Risk
736,14,1,2,3,3,4,1,3,7,4,2,4,4,4153765,Cluster 0: Aggressive Growth,High Risk
737,16,1,2,3,4,4,2,3,5,5,1,3,3,4874971,Cluster 3: Conservative Preservers,Low Risk
738,23,1,3,3,6,4,1,0,7,7,1,7,6,7527227,Cluster 0: Aggressive Growth,High Risk
739,7,1,1,4,3,5,1,1,6,4,3,4,4,4064073,Cluster 0: Aggressive Growth,High Risk
740,25,1,3,4,4,5,1,0,3,6,6,2,6,13023154,Cluster 3: Conservative Preservers,Low Risk
741,2,0,1,2,2,1,4,4,5,2,7,2,1,273916,Cluster 3: Conservative Preservers,Low Risk
742,4,0,1,3,2,3,2,4,5,4,6,3,3,1341458,Cluster 3: Conservative Preservers,Low Risk
743,5,0,1,4,5,5,1,1,3,3,5,3,4,3348778,Cluster 3: Conservative Preservers,Low Risk
744,10,0,2,2,4,4,4,5,5,2,6,2,4,2713830,Cluster 3: Conservative Preservers,Low Risk
745,12,0,2,3,4,4,2,3,6,4,3,4,3,4926010,Cluster 0: Aggressive Growth,High Risk
746,12,0,2,3,3,4,1,3,7,4,2,4,4,4184711,Cluster 0: Aggressive Growth,High Risk
747,16,0,2,4,3,7,0,1,7,4,5,4,4,6567499,Cluster 0: Aggressive Growth,High Risk
748,19,0,3,2,6,6,3,6,6,6,2,6,7,4721512,Cluster 0: Aggressive Growth,High Risk
749,22,0,3,3,7,5,0,0,5,7,2,6,7,7194269,Cluster 2: Brand Loyalists,Medium Risk
750,25,0,3,4,4,6,1,0,6,6,5,5,4,19024957,Cluster 0: Aggressive Growth,High Risk
751,1,1,1,2,2,1,4,4,5,2,7,2,1,260456,Cluster 3: Conservative Preservers,Low Risk
752,4,1,1,3,2,3,2,4,5,4,6,3,3,1564098,Cluster 3: Conservative Preservers,Low Risk
753,7,1,1,4,5,6,1,1,4,4,3,3,4,4011806,Cluster 3: Conservative Preservers,Low Risk
754,10,1,2,2,3,4,5,6,6,3,6,3,4,2331910,Cluster 0: Aggressive Growth,High Risk
755,16,1,2,3,4,4,2,3,5,5,1,3,3,4859666,Cluster 3: Conservative Preservers,Low Risk
756,13,1,2,3,3,4,3,3,5,5,2,3,4,4399728,Cluster 3: Conservative Preservers,Low Risk
757,18,1,3,2,7,7,3,7,7,5,2,7,6,4444939,Cluster 0: Aggressive Growth,High Risk
758,23,1,3,3,6,4,1,0,7,7,1,7,6,7673103,Cluster 0: Aggressive Growth,High Risk
759,12,1,2,2,4,4,4,5,5,2,6,2,4,2620156,Cluster 3: Conservative Preservers,Low Risk
760,25,1,3,4,5,4,1,0,6,6,3,4,4,13005874,Cluster 0: Aggressive Growth,High Risk
761,1,0,1,1,1,2,6,4,3,3,5,2,2,98063,Cluster 3: Conservative Preservers,Low Risk
762,2,0,1,1,2,1,6,3,4,2,6,2,1,99498,Cluster 3: Conservative Preservers,Low Risk
763,8,0,2,1,0,1,7,5,3,3,3,4,3,180111,Cluster 3: Conservative Preservers,Low Risk
764,8,0,2,1,1,2,6,5,4,4,2,4,2,159959,Cluster 3: Conservative Preservers,Low Risk
765,18,0,3,1,2,0,7,7,3,6,0,6,6,459729,Cluster 1: Liquid Needers,Low Risk
766,2,0,1,2,2,1,4,4,5,2,7,2,1,273385,Cluster 3: Conservative Preservers,Low Risk
767,9,0,2,2,4,3,5,6,5,3,5,3,4,2264937,Cluster 1: Liquid Needers,Low Risk
768,9,0,2,2,3,4,5,6,6,3,6,3,4,2380489,Cluster 0: Aggressive Growth,High Risk
769,10,0,2,2,4,4,4,5,5,2,6,2,4,2709043,Cluster 3: Conservative Preservers,Low Risk
770,11,0,2,2,4,3,6,5,4,2,5,1,4,2823550,Cluster 3: Conservative Preservers,Low Risk
771,19,0,3,2,6,6,3,6,6,6,2,6,7,4683279,Cluster 0: Aggressive Growth,High Risk
772,19,0,3,2,7,7,3,7,7,5,2,7,6,4486164,Cluster 0: Aggressive Growth,High Risk
773,4,0,1,3,2,3,2,4,5,4,6,3,3,1308725,Cluster 3: Conservative Preservers,Low Risk
774,4,0,1,3,2,4,1,3,5,4,7,3,3,1700251,Cluster 3: Conservative Preservers,Low Risk
775,12,0,2,3,4,4,2,3,6,4,3,4,3,4881004,Cluster 0: Aggressive Growth,High Risk
776,13,0,2,3,3,4,3,3,5,5,2,3,4,4379648,Cluster 3: Conservative Preservers,Low Risk
777,12,0,2,3,3,4,1,3,7,4,2,4,4,4198241,Cluster 0: Aggressive Growth,High Risk
778,23,0,3,3,6,5,1,2,6,6,1,7,6,7984425,Cluster 0: Aggressive Growth,High Risk
779,22,0,3,3,7,5,0,0,5,7,2,6,7,7224877,Cluster 2: Brand Loyalists,Medium Risk
780,24,0,3,3,6,4,1,0,7,7,1,7,6,7379416,Cluster 0: Aggressive Growth,High Risk
781,5,0,1,4,5,4,1,1,5,3,6,2,5,3370080,Cluster 3: Conservative Preservers,Low Risk
782,16,0,2,4,5,5,0,1,3,4,5,5,5,6567607,Cluster 3: Conservative Preservers,Low Risk
783,24,0,3,4,3,5,2,1,4,6,5,2,2,17222466,Cluster 3: Conservative Preservers,Low Risk
784,25,0,3,4,3,4,1,0,5,6,5,6,6,18962569,Cluster 3: Conservative Preservers,Low Risk
785,1,1,1,1,1,2,6,4,3,3,5,2,2,99409,Cluster 3: Conservative Preservers,Low Risk
786,1,1,1,1,2,1,6,3,4,2,6,2,1,99245,Cluster 3: Conservative Preservers,Low Risk
787,8,1,2,1,1,2,6,5,4,4,2,4,2,148395,Cluster 3: Conservative Preservers,Low Risk
788,1,1,1,2,2,1,4,4,5,2,7,2,1,262523,Cluster 3: Conservative Preservers,Low Risk
789,9,1,2,2,4,3,5,6,5,3,5,3,4,2125330,Cluster 1: Liquid Needers,Low Risk
790,10,1,2,2,3,4,5,6,6,3,6,3,4,2376591,Cluster 0: Aggressive Growth,High Risk
791,12,1,2,2,4,4,4,5,5,2,6,2,4,2627669,Cluster 3: Conservative Preservers,Low Risk
792,18,1,3,2,7,7,3,7,7,5,2,7,6,4453871,Cluster 0: Aggressive Growth,High Risk
793,4,1,1,3,2,3,2,4,5,4,6,3,3,1577242,Cluster 3: Conservative Preservers,Low Risk
794,12,1,2,3,4,4,2,3,6,4,3,4,3,4275035,Cluster 0: Aggressive Growth,High Risk
795,13,1,2,3,3,4,3,3,5,5,2,3,4,4353531,Cluster 3: Conservative Preservers,Low Risk
796,14,1,2,3,3,4,1,3,7,4,2,4,4,4168329,Cluster 0: Aggressive Growth,High Risk
797,16,1,2,3,4,4,2,3,5,5,1,3,3,4890315,Cluster 3: Conservative Preservers,Low Risk
798,23,1,3,3,6,4,1,0,7,7,1,7,6,7471358,Cluster 0: Aggressive Growth,High Risk
799,7,1,1,4,4,6,1,1,5,4,3,3,4,4067793,Cluster 3: Conservative Preservers,Low Risk
800,25,1,3,4,3,7,1,0,4,6,5,2,7,13239388,Cluster 3: Conservative Preservers,Low Risk
801,1,0,1,1,1,2,6,4,3,3,5,2,2,98072,Cluster 3: Conservative Preservers,Low Risk
802,2,0,1,1,2,1,6,3,4,2,6,2,1,99935,Cluster 3: Conservative Preservers,Low Risk
803,8,0,2,1,0,1,7,5,3,3,3,4,3,180373,Cluster 3: Conservative Preservers,Low Risk
804,8,0,2,1,1,2,6,5,4,4,2,4,2,159909,Cluster 3: Conservative Preservers,Low Risk
805,18,0,3,1,2,0,7,7,3,6,0,6,6,459695,Cluster 1: Liquid Needers,Low Risk
806,2,0,1,2,2,1,4,4,5,2,7,2,1,273630,Cluster 3: Conservative Preservers,Low Risk
807,9,0,2,2,4,3,5,6,5,3,5,3,4,2257597,Cluster 1: Liquid Needers,Low Risk
808,9,0,2,2,3,4,5,6,6,3,6,3,4,2432871,Cluster 0: Aggressive Growth,High Risk
809,10,0,2,2,4,4,4,5,5,2,6,2,4,2710202,Cluster 3: Conservative Preservers,Low Risk
810,11,0,2,2,4,3,6,5,4,2,5,1,4,2857591,Cluster 3: Conservative Preservers,Low Risk
811,19,0,3,2,6,6,3,6,6,6,2,6,7,4720532,Cluster 0: Aggressive Growth,High Risk
812,19,0,3,2,7,7,3,7,7,5,2,7,6,4445920,Cluster 0: Aggressive Growth,High Risk
813,4,0,1,3,2,3,2,4,5,4,6,3,3,1331312,Cluster 3: Conservative Preservers,Low Risk
814,4,0,1,3,2,4,1,3,5,4,7,3,3,1690957,Cluster 3: Conservative Preservers,Low Risk
815,12,0,2,3,4,4,2,3,6,4,3,4,3,4865988,Cluster 0: Aggressive Growth,High Risk
816,13,0,2,3,3,4,3,3,5,5,2,3,4,4395135,Cluster 3: Conservative Preservers,Low Risk
817,12,0,2,3,3,4,1,3,7,4,2,4,4,4242383,Cluster 0: Aggressive Growth,High Risk
818,23,0,3,3,6,5,1,2,6,6,1,7,6,7911498,Cluster 0: Aggressive Growth,High Risk
819,22,0,3,3,7,5,0,0,5,7,2,6,7,7193186,Cluster 2: Brand Loyalists,Medium Risk
820,24,0,3,3,6,4,1,0,7,7,1,7,6,7396508,Cluster 0: Aggressive Growth,High Risk
821,5,0,1,4,4,7,1,1,3,3,4,6,7,3390464,Cluster 3: Conservative Preservers,Low Risk
822,16,0,2,4,5,5,0,1,7,4,3,3,4,6569023,Cluster 0: Aggressive Growth,High Risk
823,24,0,3,4,4,7,2,1,3,6,5,2,2,16694524,Cluster 3: Conservative Preservers,Low Risk
824,25,0,3,4,4,7,1,0,4,6,6,3,7,19009191,Cluster 3: Conservative Preservers,Low Risk
825,1,1,1,1,1,2,6,4,3,3,5,2,2,99567,Cluster 3: Conservative Preservers,Low Risk
826,1,1,1,1,2,1,6,3,4,2,6,2,1,99207,Cluster 3: Conservative Preservers,Low Risk
827,8,1,2,1,1,2,6,5,4,4,2,4,2,138232,Cluster 3: Conservative Preservers,Low Risk
828,1,1,1,2,2,1,4,4,5,2,7,2,1,259425,Cluster 3: Conservative Preservers,Low Risk
829,9,1,2,2,4,3,5,6,5,3,5,3,4,2172354,Cluster 1: Liquid Needers,Low Risk
830,10,1,2,2,3,4,5,6,6,3,6,3,4,2366575,Cluster 0: Aggressive Growth,High Risk
831,12,1,2,2,4,4,4,5,5,2,6,2,4,2629831,Cluster 3: Conservative Preservers,Low Risk
832,18,1,3,2,7,7,3,7,7,5,2,7,6,4474235,Cluster 0: Aggressive Growth,High Risk
833,4,1,1,3,2,3,2,4,5,4,6,3,3,1564401,Cluster 3: Conservative Preservers,Low Risk
834,12,1,2,3,4,4,2,3,6,4,3,4,3,4275697,Cluster 0: Aggressive Growth,High Risk
835,13,1,2,3,3,4,3,3,5,5,2,3,4,4329524,Cluster 3: Conservative Preservers,Low Risk
836,14,1,2,3,3,4,1,3,7,4,2,4,4,4177917,Cluster 0: Aggressive Growth,High Risk
837,16,1,2,3,4,4,2,3,5,5,1,3,3,4844688,Cluster 3: Conservative Preservers,Low Risk
838,23,1,3,3,6,4,1,0,7,7,1,7,6,7692111,Cluster 0: Aggressive Growth,High Risk
839,7,1,1,4,4,7,1,1,6,4,3,6,5,4070047,Cluster 0: Aggressive Growth,High Risk
840,25,1,3,4,5,7,1,0,3,6,5,3,6,13112264,Cluster 3: Conservative Preservers,Low Risk
841,2,0,1,2,2,1,4,4,5,2,7,2,1,273850,Cluster 3: Conservative Preservers,Low Risk
842,4,0,1,3,2,3,2,4,5,4,6,3,3,1355172,Cluster 3: Conservative Preservers,Low Risk
843,5,0,1,4,4,7,1,1,4,3,4,5,6,3373530,Cluster 3: Conservative Preservers,Low Risk
844,10,0,2,2,4,4,4,5,5,2,6,2,4,2781594,Cluster 3: Conservative Preservers,Low Risk
845,12,0,2,3,4,4,2,3,6,4,3,4,3,4842685,Cluster 0: Aggressive Growth,High Risk
846,12,0,2,3,3,4,1,3,7,4,2,4,4,4242444,Cluster 0: Aggressive Growth,High Risk
847,16,0,2,4,4,4,0,1,3,4,6,4,5,6569431,Cluster 3: Conservative Preservers,Low Risk
848,19,0,3,2,6,6,3,6,6,6,2,6,7,4752694,Cluster 0: Aggressive Growth,High Risk
849,22,0,3,3,7,5,0,0,5,7,2,6,7,7172663,Cluster 2: Brand Loyalists,Medium Risk
850,25,0,3,4,4,4,1,0,3,6,5,7,4,18410344,Cluster 3: Conservative Preservers,Low Risk
851,1,1,1,2,2,1,4,4,5,2,7,2,1,244345,Cluster 3: Conservative Preservers,Low Risk
852,4,1,1,3,2,3,2,4,5,4,6,3,3,1584827,Cluster 3: Conservative Preservers,Low Risk
853,7,1,1,4,5,7,1,1,5,4,6,5,5,4062384,Cluster 3: Conservative Preservers,Low Risk
854,10,1,2,2,3,4,5,6,6,3,6,3,4,2363300,Cluster 0: Aggressive Growth,High Risk
855,16,1,2,3,4,4,2,3,5,5,1,3,3,4836253,Cluster 3: Conservative Preservers,Low Risk
856,13,1,2,3,3,4,3,3,5,5,2,3,4,4369971,Cluster 3: Conservative Preservers,Low Risk
857,18,1,3,2,7,7,3,7,7,5,2,7,6,4453462,Cluster 0: Aggressive Growth,High Risk
858,23,1,3,3,6,4,1,0,7,7,1,7,6,7527875,Cluster 0: Aggressive Growth,High Risk
859,12,1,2,2,4,4,4,5,5,2,6,2,4,2652909,Cluster 3: Conservative Preservers,Low Risk
860,25,1,3,4,3,5,1,0,3,6,4,3,6,13344476,Cluster 3: Conservative Preservers,Low Risk
861,1,0,1,1,1,2,6,4,3,3,5,2,2,98077,Cluster 3: Conservative Preservers,Low Risk
862,2,0,1,1,2,1,6,3,4,2,6,2,1,99658,Cluster 3: Conservative Preservers,Low Risk
863,8,0,2,1,0,1,7,5,3,3,3,4,3,180140,Cluster 3: Conservative Preservers,Low Risk
864,8,0,2,1,1,2,6,5,4,4,2,4,2,159967,Cluster 3: Conservative Preservers,Low Risk
865,18,0,3,1,2,0,7,7,3,6,0,6,6,459957,Cluster 1: Liquid Needers,Low Risk
866,2,0,1,2,2,1,4,4,5,2,7,2,1,273361,Cluster 3: Conservative Preservers,Low Risk
867,9,0,2,2,4,3,5,6,5,3,5,3,4,2291437,Cluster 1: Liquid Needers,Low Risk
868,9,0,2,2,3,4,5,6,6,3,6,3,4,2390140,Cluster 0: Aggressive Growth,High Risk
869,10,0,2,2,4,4,4,5,5,2,6,2,4,2684545,Cluster 3: Conservative Preservers,Low Risk
870,11,0,2,2,4,3,6,5,4,2,5,1,4,2826674,Cluster 3: Conservative Preservers,Low Risk
871,19,0,3,2,6,6,3,6,6,6,2,6,7,4697073,Cluster 0: Aggressive Growth,High Risk
872,19,0,3,2,7,7,3,7,7,5,2,7,6,4459890,Cluster 0: Aggressive Growth,High Risk
873,4,0,1,3,2,3,2,4,5,4,6,3,3,1337555,Cluster 3: Conservative Preservers,Low Risk
874,4,0,1,3,2,4,1,3,5,4,7,3,3,1675094,Cluster 3: Conservative Preservers,Low Risk
875,12,0,2,3,4,4,2,3,6,4,3,4,3,4878254,Cluster 0: Aggressive Growth,High Risk
876,13,0,2,3,3,4,3,3,5,5,2,3,4,4424877,Cluster 3: Conservative Preservers,Low Risk
877,12,0,2,3,3,4,1,3,7,4,2,4,4,4233781,Cluster 0: Aggressive Growth,High Risk
878,23,0,3,3,6,5,1,2,6,6,1,7,6,7860373,Cluster 0: Aggressive Growth,High Risk
879,22,0,3,3,7,5,0,0,5,7,2,6,7,7158158,Cluster 2: Brand Loyalists,Medium Risk
880,24,0,3,3,6,4,1,0,7,7,1,7,6,7382123,Cluster 0: Aggressive Growth,High Risk
881,5,0,1,4,4,6,1,1,6,3,5,6,6,3382746,Cluster 0: Aggressive Growth,High Risk
882,16,0,2,4,4,6,0,1,4,4,5,6,6,6568008,Cluster 3: Conservative Preservers,Low Risk
883,24,0,3,4,3,6,2,1,7,6,6,2,2,16372093,Cluster 0: Aggressive Growth,High Risk
884,25,0,3,4,5,6,1,0,6,6,4,6,6,19216265,Cluster 0: Aggressive Growth,High Risk
885,1,1,1,1,1,2,6,4,3,3,5,2,2,100005,Cluster 3: Conservative Preservers,Low Risk
886,1,1,1,1,2,1,6,3,4,2,6,2,1,99368,Cluster 3: Conservative Preservers,Low Risk
887,8,1,2,1,1,2,6,5,4,4,2,4,2,137591,Cluster 3: Conservative Preservers,Low Risk
888,1,1,1,2,2,1,4,4,5,2,7,2,1,261385,Cluster 3: Conservative Preservers,Low Risk
889,9,1,2,2,4,3,5,6,5,3,5,3,4,2153132,Cluster 1: Liquid Needers,Low Risk
890,10,1,2,2,3,4,5,6,6,3,6,3,4,2355034,Cluster 0: Aggressive Growth,High Risk
891,12,1,2,2,4,4,4,5,5,2,6,2,4,2622404,Cluster 3: Conservative Preservers,Low Risk
892,18,1,3,2,7,7,3,7,7,5,2,7,6,4495201,Cluster 0: Aggressive Growth,High Risk
893,4,1,1,3,2,3,2,4,5,4,6,3,3,1575114,Cluster 3: Conservative Preservers,Low Risk
894,12,1,2,3,4,4,2,3,6,4,3,4,3,4249849,Cluster 0: Aggressive Growth,High Risk
895,13,1,2,3,3,4,3,3,5,5,2,3,4,4345439,Cluster 3: Conservative Preservers,Low Risk
896,14,1,2,3,3,4,1,3,7,4,2,4,4,4171528,Cluster 0: Aggressive Growth,High Risk
897,16,1,2,3,4,4,2,3,5,5,1,3,3,4871984,Cluster 3: Conservative Preservers,Low Risk
898,23,1,3,3,6,4,1,0,7,7,1,7,6,7662467,Cluster 0: Aggressive Growth,High Risk
899,7,1,1,4,5,5,1,1,6,4,6,7,4,4099273,Cluster 0: Aggressive Growth,High Risk
900,25,1,3,4,3,7,1,0,6,6,5,4,4,12729174,Cluster 0: Aggressive Growth,High Risk
901,1,0,1,1,1,2,6,4,3,3,5,2,2,98071,Cluster 3: Conservative Preservers,Low Risk
902,2,0,1,1,2,1,6,3,4,2,6,2,1,99642,Cluster 3: Conservative Preservers,Low Risk
903,8,0,2,1,0,1,7,5,3,3,3,4,3,180312,Cluster 3: Conservative Preservers,Low Risk
904,8,0,2,1,1,2,6,5,4,4,2,4,2,159867,Cluster 3: Conservative Preservers,Low Risk
905,18,0,3,1,2,0,7,7,3,6,0,6,6,459937,Cluster 1: Liquid Needers,Low Risk
906,2,0,1,2,2,1,4,4,5,2,7,2,1,273631,Cluster 3: Conservative Preservers,Low Risk
907,9,0,2,2,4,3,5,6,5,3,5,3,4,2351120,Cluster 1: Liquid Needers,Low Risk
908,9,0,2,2,3,4,5,6,6,3,6,3,4,2413954,Cluster 0: Aggressive Growth,High Risk
909,10,0,2,2,4,4,4,5,5,2,6,2,4,2675368,Cluster 3: Conservative Preservers,Low Risk
910,11,0,2,2,4,3,6,5,4,2,5,1,4,2882842,Cluster 3: Conservative Preservers,Low Risk
911,19,0,3,2,6,6,3,6,6,6,2,6,7,4696314,Cluster 0: Aggressive Growth,High Risk
912,19,0,3,2,7,7,3,7,7,5,2,7,6,4440347,Cluster 0: Aggressive Growth,High Risk
913,4,0,1,3,2,3,2,4,5,4,6,3,3,1342308,Cluster 3: Conservative Preservers,Low Risk
914,4,0,1,3,2,4,1,3,5,4,7,3,3,1684306,Cluster 3: Conservative Preservers,Low Risk
915,12,0,2,3,4,4,2,3,6,4,3,4,3,4844956,Cluster 0: Aggressive Growth,High Risk
916,13,0,2,3,3,4,3,3,5,5,2,3,4,4426819,Cluster 3: Conservative Preservers,Low Risk
917,12,0,2,3,3,4,1,3,7,4,2,4,4,4194154,Cluster 0: Aggressive Growth,High Risk
918,23,0,3,3,6,5,1,2,6,6,1,7,6,7973309,Cluster 0: Aggressive Growth,High Risk
919,22,0,3,3,7,5,0,0,5,7,2,6,7,7179233,Cluster 2: Brand Loyalists,Medium Risk
920,24,0,3,3,6,4,1,0,7,7,1,7,6,7411323,Cluster 0: Aggressive Growth,High Risk
921,5,0,1,4,2,6,1,1,5,3,7,2,3,3394068,Cluster 3: Conservative Preservers,Low Risk
922,16,0,2,4,3,6,0,1,5,4,5,2,2,6566715,Cluster 3: Conservative Preservers,Low Risk
923,24,0,3,4,6,7,2,1,6,6,1,7,6,17143372,Cluster 0: Aggressive Growth,High Risk
924,25,0,3,4,7,6,1,0,6,6,2,6,7,18673016,Cluster 0: Aggressive Growth,High Risk
925,1,1,1,1,1,2,6,4,3,3,5,2,2,99828,Cluster 3: Conservative Preservers,Low Risk
926,1,1,1,1,2,1,6,3,4,2,6,2,1,99114,Cluster 3: Conservative Preservers,Low Risk
927,8,1,2,1,1,2,6,5,4,4,2,4,2,133437,Cluster 3: Conservative Preservers,Low Risk
928,1,1,1,2,2,1,4,4,5,2,7,2,1,247613,Cluster 3: Conservative Preservers,Low Risk
929,9,1,2,2,4,3,5,6,5,3,5,3,4,2122365,Cluster 1: Liquid Needers,Low Risk
930,10,1,2,2,3,4,5,6,6,3,6,3,4,2326300,Cluster 0: Aggressive Growth,High Risk
931,12,1,2,2,4,4,4,5,5,2,6,2,4,2667636,Cluster 3: Conservative Preservers,Low Risk
932,18,1,3,2,7,7,3,7,7,5,2,7,6,4531851,Cluster 0: Aggressive Growth,High Risk
933,4,1,1,3,2,3,2,4,5,4,6,3,3,1581535,Cluster 3: Conservative Preservers,Low Risk
934,12,1,2,3,4,4,2,3,6,4,3,4,3,4226720,Cluster 0: Aggressive Growth,High Risk
935,13,1,2,3,3,4,3,3,5,5,2,3,4,4422777,Cluster 3: Conservative Preservers,Low Risk
936,14,1,2,3,3,4,1,3,7,4,2,4,4,4193917,Cluster 0: Aggressive Growth,High Risk
937,16,1,2,3,4,4,2,3,5,5,1,3,3,4881639,Cluster 3: Conservative Preservers,Low Risk
938,23,1,3,3,6,4,1,0,7,7,1,7,6,7506430,Cluster 0: Aggressive Growth,High Risk
939,7,1,1,4,2,6,1,1,5,3,7,2,3,4097929,Cluster 3: Conservative Preservers,Low Risk
940,25,1,3,4,7,6,1,0,6,6,2,6,7,12660828,Cluster 0: Aggressive Growth,High Risk
941,1,0,1,1,1,2,6,4,3,3,5,2,2,98106,Cluster 3: Conservative Preservers,Low Risk
942,2,0,1,1,2,1,6,3,4,2,6,2,1,99869,Cluster 3: Conservative Preservers,Low Risk
943,8,0,2,1,0,1,7,5,3,3,3,4,3,180298,Cluster 3: Conservative Preservers,Low Risk
944,8,0,2,1,1,2,6,5,4,4,2,4,2,160113,Cluster 3: Conservative Preservers,Low Risk
945,18,0,3,1,2,0,7,7,3,6,0,6,6,459512,Cluster 1: Liquid Needers,Low Risk
946,2,0,1,2,2,1,4,4,5,2,7,2,1,273577,Cluster 3: Conservative Preservers,Low Risk
947,9,0,2,2,4,3,5,6,5,3,5,3,4,2281116,Cluster 1: Liquid Needers,Low Risk
948,9,0,2,2,3,4,5,6,6,3,6,3,4,2441422,Cluster 0: Aggressive Growth,High Risk
949,10,0,2,2,4,4,4,5,5,2,6,2,4,2675093,Cluster 3: Conservative Preservers,Low Risk
950,11,0,2,2,4,3,6,5,4,2,5,1,4,2814514,Cluster 3: Conservative Preservers,Low Risk
951,19,0,3,2,6,6,3,6,6,6,2,6,7,4727105,Cluster 0: Aggressive Growth,High Risk
952,19,0,3,2,7,7,3,7,7,5,2,7,6,4439361,Cluster 0: Aggressive Growth,High Risk
953,4,0,1,3,2,3,2,4,5,4,6,3,3,1267702,Cluster 3: Conservative Preservers,Low Risk
954,4,0,1,3,2,4,1,3,5,4,7,3,3,1703474,Cluster 3: Conservative Preservers,Low Risk
955,12,0,2,3,4,4,2,3,6,4,3,4,3,4873434,Cluster 0: Aggressive Growth,High Risk
956,13,0,2,3,3,4,3,3,5,5,2,3,4,4363883,Cluster 3: Conservative Preservers,Low Risk
957,12,0,2,3,3,4,1,3,7,4,2,4,4,4218941,Cluster 0: Aggressive Growth,High Risk
958,23,0,3,3,6,5,1,2,6,6,1,7,6,7948230,Cluster 0: Aggressive Growth,High Risk
959,22,0,3,3,7,5,0,0,5,7,2,6,7,7168205,Cluster 2: Brand Loyalists,Medium Risk
960,24,0,3,3,6,4,1,0,7,7,1,7,6,7430698,Cluster 0: Aggressive Growth,High Risk
961,5,0,1,4,2,6,1,1,5,3,7,2,3,3338197,Cluster 3: Conservative Preservers,Low Risk
962,16,0,2,4,3,6,0,1,5,4,5,2,2,6567238,Cluster 3: Conservative Preservers,Low Risk
963,24,0,3,4,6,7,2,1,6,6,1,7,6,16925973,Cluster 0: Aggressive Growth,High Risk
964,25,0,3,4,7,6,1,0,6,6,2,6,7,18934402,Cluster 0: Aggressive Growth,High Risk
965,1,1,1,1,1,2,6,4,3,3,5,2,2,99726,Cluster 3: Conservative Preservers,Low Risk
966,1,1,1,1,2,1,6,3,4,2,6,2,1,99236,Cluster 3: Conservative Preservers,Low Risk
967,8,1,2,1,1,2,6,5,4,4,2,4,2,142393,Cluster 3: Conservative Preservers,Low Risk
968,1,1,1,2,2,1,4,4,5,2,7,2,1,256556,Cluster 3: Conservative Preservers,Low Risk
969,9,1,2,2,4,3,5,6,5,3,5,3,4,2181361,Cluster 1: Liquid Needers,Low Risk
970,10,1,2,2,3,4,5,6,6,3,6,3,4,2369356,Cluster 0: Aggressive Growth,High Risk
971,12,1,2,2,4,4,4,5,5,2,6,2,4,2663232,Cluster 3: Conservative Preservers,Low Risk
972,18,1,3,2,7,7,3,7,7,5,2,7,6,4520134,Cluster 0: Aggressive Growth,High Risk
973,4,1,1,3,2,3,2,4,5,4,6,3,3,1540088,Cluster 3: Conservative Preservers,Low Risk
974,12,1,2,3,4,4,2,3,6,4,3,4,3,4323743,Cluster 0: Aggressive Growth,High Risk
975,13,1,2,3,3,4,3,3,5,5,2,3,4,4411153,Cluster 3: Conservative Preservers,Low Risk
976,14,1,2,3,3,4,1,3,7,4,2,4,4,4144230,Cluster 0: Aggressive Growth,High Risk
977,16,1,2,3,4,4,2,3,5,5,1,3,3,4869169,Cluster 3: Conservative Preservers,Low Risk
978,23,1,3,3,6,4,1,0,7,7,1,7,6,7602609,Cluster 0: Aggressive Growth,High Risk
979,7,1,1,4,2,6,1,1,5,3,7,2,3,4041448,Cluster 3: Conservative Preservers,Low Risk
980,25,1,3,4,7,6,1,0,6,6,2,6,7,12771613,Cluster 0: Aggressive Growth,High Risk
981,2,0,1,2,2,1,4,4,5,2,7,2,1,273435,Cluster 3: Conservative Preservers,Low Risk
982,4,0,1,3,2,3,2,4,5,4,6,3,3,1299290,Cluster 3: Conservative Preservers,Low Risk
983,5,0,1,4,2,6,1,1,5,3,7,2,3,3359147,Cluster 3: Conservative Preservers,Low Risk
984,10,0,2,2,4,4,4,5,5,2,6,2,4,2654248,Cluster 3: Conservative Preservers,Low Risk
985,12,0,2,3,4,4,2,3,6,4,3,4,3,4833809,Cluster 0: Aggressive Growth,High Risk
986,12,0,2,3,3,4,1,3,7,4,2,4,4,4202690,Cluster 0: Aggressive Growth,High Risk
987,16,0,2,4,3,6,0,1,5,4,5,2,2,6568117,Cluster 3: Conservative Preservers,Low Risk
988,19,0,3,2,6,6,3,6,6,6,2,6,7,4716278,Cluster 0: Aggressive Growth,High Risk
989,22,0,3,3,7,5,0,0,5,7,2,6,7,7167008,Cluster 2: Brand Loyalists,Medium Risk
990,25,0,3,4,7,6,1,0,6,6,2,6,7,18600491,Cluster 0: Aggressive Growth,High Risk
991,1,1,1,2,2,1,4,4,5,2,7,2,1,248182,Cluster 3: Conservative Preservers,Low Risk
992,4,1,1,3,2,3,2,4,5,4,6,3,3,1588404,Cluster 3: Conservative Preservers,Low Risk
993,7,1,1,4,2,6,1,1,5,3,7,2,3,4026809,Cluster 3: Conservative Preservers,Low Risk
994,10,1,2,2,3,4,5,6,6,3,6,3,4,2390105,Cluster 0: Aggressive Growth,High Risk
995,16,1,2,3,4,4,2,3,5,5,1,3,3,4889426,Cluster 3: Conservative Preservers,Low Risk
996,13,1,2,3,3,4,3,3,5,5,2,3,4,4356312,Cluster 3: Conservative Preservers,Low Risk
997,18,1,3,2,7,7,3,7,7,5,2,7,6,4509248,Cluster 0: Aggressive Growth,High Risk
998,23,1,3,3,6,4,1,0,7,7,1,7,6,7414400,Cluster 0: Aggressive Growth,High Risk
999,12,1,2,2,4,4,4,5,5,2,6,2,4,2663658,Cluster 3: Conservative Preservers,Low Risk
1000,25,1,3,4,7,6,1,0,6,6,2,6,7,12481287,Cluster 0: Aggressive Growth,High Risk
